lineage	pos	ref	alt	is_defining	mut_key	site_key	group
A.23.1	4940	C	T	1	4940:C>T	4940:C	A.23.1
A.23.1	11230	G	A	1	11230:G>A	11230:G	A.23.1
A.23.1	11230	G	C	1	11230:G>C	11230:G	A.23.1
A.23.1	11230	G	T	1	11230:G>T	11230:G	A.23.1
A.23.1	11266	G	C	1	11266:G>C	11266:G	A.23.1
A.23.1	11266	G	T	1	11266:G>T	11266:G	A.23.1
A.23.1	11521	G	A	1	11521:G>A	11521:G	A.23.1
A.23.1	11521	G	C	1	11521:G>C	11521:G	A.23.1
A.23.1	11521	G	T	1	11521:G>T	11521:G	A.23.1
A.23.1	21867	G	T	1	21867:G>T	21867:G	A.23.1
A.23.1	22031	T	C	1	22031:T>C	22031:T	A.23.1
A.23.1	22033	C	A	1	22033:C>A	22033:C	A.23.1
A.23.1	22033	C	G	1	22033:C>G	22033:C	A.23.1
A.23.1	22661	G	T	1	22661:G>T	22661:G	A.23.1
A.23.1	23401	G	C	1	23401:G>C	23401:G	A.23.1
A.23.1	23401	G	T	1	23401:G>T	23401:G	A.23.1
A.23.1	28144	T	C	1	28144:T>C	28144:T	A.23.1
A.23.1	28167	G	A	1	28167:G>A	28167:G	A.23.1
A.23.1	28878	G	A	1	28878:G>A	28878:G	A.23.1
AV.1	21801	A	G	1	21801:A>G	21801:A	AV.1
AV.1	21987	G	A	1	21987:G>A	21987:G	AV.1
AV.1	21992	TAT	-	1	21992:TAT>-	21992:TAT	AV.1
AV.1	22879	C	A	1	22879:C>A	22879:C	AV.1
AV.1	22879	C	G	1	22879:C>G	22879:C	AV.1
AV.1	24950	A	G	1	24950:A>G	24950:A	AV.1
AV.1	24977	G	C	1	24977:G>C	24977:G	AV.1
AV.1	26709	G	A	1	26709:G>A	26709:G	AV.1
AV.1	26895	C	T	1	26895:C>T	26895:C	AV.1
AV.1	28742	A	G	1	28742:A>G	28742:A	AV.1
AY.1	22813	G	C	1	22813:G>C	22813:G	Delta
AY.1	22813	G	T	1	22813:G>T	22813:G	Delta
AY.1	22995	C	A	1	22995:C>A	22995:C	Delta
AY.1	25469	C	T	1	25469:C>T	25469:C	Delta
AY.1	27752	C	T	1	27752:C>T	27752:C	Delta
AY.1	28461	A	G	1	28461:A>G	28461:A	Delta
AY.1	29402	G	T	1	29402:G>T	29402:G	Delta
AY.4	4181	G	T	1	4181:G>T	4181:G	Delta
AY.4	6402	C	T	1	6402:C>T	6402:C	Delta
AY.4	7124	C	T	1	7124:C>T	7124:C	Delta
AY.4	7851	C	T	1	7851:C>T	7851:C	Delta
AY.4	8986	C	T	1	8986:C>T	8986:C	Delta
AY.4	9053	G	C	1	9053:G>C	9053:G	Delta
AY.4	9053	G	T	1	9053:G>T	9053:G	Delta
AY.4	11201	A	G	1	11201:A>G	11201:A	Delta
AY.4	11332	A	G	1	11332:A>G	11332:A	Delta
AY.4	15451	G	A	1	15451:G>A	15451:G	Delta
AY.4	16466	C	T	1	16466:C>T	16466:C	Delta
AY.4	19220	C	T	1	19220:C>T	19220:C	Delta
AY.4	22029	AGTTCA	-	1	22029:AGTTCA>-	22029:AGTTCA	Delta
AY.4	27874	C	T	1	27874:C>T	27874:C	Delta
AY.4	28248	GATTTC	-	1	28248:GATTTC>-	28248:GATTTC	Delta
AY.4	28916	G	T	1	28916:G>T	28916:G	Delta
AY.4	29742	G	T	1	29742:G>T	29742:G	Delta
AY.4.2	17040	T	C	1	17040:T>C	17040:T	Delta
AY.4.2	21995	T	C	1	21995:T>C	21995:T	Delta
AY.4.2	22227	C	T	1	22227:C>T	22227:C	Delta
B.1.1.318	3961	C	T	1	3961:C>T	3961:C	B.1.1.318
B.1.1.318	7798	G	C	1	7798:G>C	7798:G	B.1.1.318
B.1.1.318	7798	G	T	1	7798:G>T	7798:G	B.1.1.318
B.1.1.318	9072	C	T	1	9072:C>T	9072:C	B.1.1.318
B.1.1.318	9891	C	T	1	9891:C>T	9891:C	B.1.1.318
B.1.1.318	10116	C	T	1	10116:C>T	10116:C	B.1.1.318
B.1.1.318	11287	GTCTGGTTT	-	1	11287:GTCTGGTTT>-	11287:GTCTGGTTT	B.1.1.318
B.1.1.318	20579	T	A	1	20579:T>A	20579:T	B.1.1.318
B.1.1.318	20580	G	T	1	20580:G>T	20580:G	B.1.1.318
B.1.1.318	20581	A	G	1	20581:A>G	20581:A	B.1.1.318
B.1.1.318	21990	TTT	-	1	21990:TTT>-	21990:TTT	B.1.1.318
B.1.1.318	23287	T	C	1	23287:T>C	23287:T	B.1.1.318
B.1.1.318	23948	G	C	1	23948:G>C	23948:G	B.1.1.318
B.1.1.318	25276	C	A	1	25276:C>A	25276:C	B.1.1.318
B.1.1.318	27887	AACGAACATGAAATT	-	1	27887:AACGAACATGAAATT>-	27887:AACGAACATGAAATT	B.1.1.318
B.1.1.318	28209	G	T	1	28209:G>T	28209:G	B.1.1.318
B.1.1.318	28895	GCT	-	1	28895:GCT>-	28895:GCT	B.1.1.318
B.1.1.529	10449	C	A	1	10449:C>A	10449:C	Omicron
B.1.1.529	18164	T	G	1	18164:T>G	18164:T	Omicron
B.1.1.529	18165	A	T	1	18165:A>T	18165:A	Omicron
B.1.1.529	21987	G	A	1	21987:G>A	21987:G	Omicron
B.1.1.529	22578	G	A	1	22578:G>A	22578:G	Omicron
B.1.1.529	22679	T	C	1	22679:T>C	22679:T	Omicron
B.1.1.529	22686	C	T	1	22686:C>T	22686:C	Omicron
B.1.1.529	22882	T	A	1	22882:T>A	22882:T	Omicron
B.1.1.529	22882	T	G	1	22882:T>G	22882:T	Omicron
B.1.1.529	22992	G	A	1	22992:G>A	22992:G	Omicron
B.1.1.529	22995	C	A	1	22995:C>A	22995:C	Omicron
B.1.1.529	23013	A	C	1	23013:A>C	23013:A	Omicron
B.1.1.529	23055	A	G	1	23055:A>G	23055:A	Omicron
B.1.1.529	23075	T	C	1	23075:T>C	23075:T	Omicron
B.1.1.529	23525	C	T	1	23525:C>T	23525:C	Omicron
B.1.1.529	23599	T	A	1	23599:T>A	23599:T	Omicron
B.1.1.529	23599	T	G	1	23599:T>G	23599:T	Omicron
B.1.1.529	23854	C	A	1	23854:C>A	23854:C	Omicron
B.1.1.529	23854	C	G	1	23854:C>G	23854:C	Omicron
B.1.1.529	23948	G	T	1	23948:G>T	23948:G	Omicron
B.1.1.529	24424	A	C	1	24424:A>C	24424:A	Omicron
B.1.1.529	24424	A	T	1	24424:A>T	24424:A	Omicron
B.1.1.529	24469	T	A	1	24469:T>A	24469:T	Omicron
B.1.1.529	24469	T	G	1	24469:T>G	24469:T	Omicron
B.1.1.529	26270	C	T	1	26270:C>T	26270:C	Omicron
B.1.1.529	26577	C	G	1	26577:C>G	26577:C	Omicron
B.1.1.529	26709	G	A	1	26709:G>A	26709:G	Omicron
B.1.1.529	27259	A	C	1	27259:A>C	27259:A	Omicron
B.1.1.529	27807	C	T	1	27807:C>T	27807:C	Omicron
B.1.1.529	28311	C	T	1	28311:C>T	28311:C	Omicron
B.1.1.529	28362	GAGAACGCA	-	1	28362:GAGAACGCA>-	28362:GAGAACGCA	Omicron
B.1.1.7	913	C	T	1	913:C>T	913:C	Alpha
B.1.1.7	3267	C	T	1	3267:C>T	3267:C	Alpha
B.1.1.7	5388	C	A	1	5388:C>A	5388:C	Alpha
B.1.1.7	5986	C	T	1	5986:C>T	5986:C	Alpha
B.1.1.7	6954	T	C	1	6954:T>C	6954:T	Alpha
B.1.1.7	14676	C	T	1	14676:C>T	14676:C	Alpha
B.1.1.7	15279	C	T	1	15279:C>T	15279:C	Alpha
B.1.1.7	16176	T	C	1	16176:T>C	16176:T	Alpha
B.1.1.7	21767	CATGTC	-	1	21767:CATGTC>-	21767:CATGTC	Alpha
B.1.1.7	21992	TAT	-	1	21992:TAT>-	21992:TAT	Alpha
B.1.1.7	23271	C	A	1	23271:C>A	23271:C	Alpha
B.1.1.7	23709	C	T	1	23709:C>T	23709:C	Alpha
B.1.1.7	24506	T	G	1	24506:T>G	24506:T	Alpha
B.1.1.7	24914	G	C	1	24914:G>C	24914:G	Alpha
B.1.1.7	26801	C	T	1	26801:C>T	26801:C	Alpha
B.1.1.7	27972	C	T	1	27972:C>T	27972:C	Alpha
B.1.1.7	28048	G	T	1	28048:G>T	28048:G	Alpha
B.1.1.7	28111	A	G	1	28111:A>G	28111:A	Alpha
B.1.1.7	28280	G	C	1	28280:G>C	28280:G	Alpha
B.1.1.7	28281	A	T	1	28281:A>T	28281:A	Alpha
B.1.1.7	28977	C	T	1	28977:C>T	28977:C	Alpha
B.1.351	5230	G	C	1	5230:G>C	5230:G	Beta
B.1.351	5230	G	T	1	5230:G>T	5230:G	Beta
B.1.351	10323	A	G	1	10323:A>G	10323:A	Beta
B.1.351	11287	GTCTGGTTT	-	1	11287:GTCTGGTTT>-	11287:GTCTGGTTT	Beta
B.1.351	21801	A	C	1	21801:A>C	21801:A	Beta
B.1.351	22206	A	G	1	22206:A>G	22206:A	Beta
B.1.351	22280	ACTTTACTT	-	1	22280:ACTTTACTT>-	22280:ACTTTACTT	Beta
B.1.351	23664	C	T	1	23664:C>T	23664:C	Beta
B.1.351	25904	C	T	1	25904:C>T	25904:C	Beta
B.1.351	26456	C	T	1	26456:C>T	26456:C	Beta
B.1.427	241	C	T	1	241:C>T	241:C	Epsilon
B.1.427	13713	G	A	1	13713:G>A	13713:G	Epsilon
B.1.427	17014	G	T	1	17014:G>T	17014:G	Epsilon
B.1.427	21600	G	T	1	21600:G>T	21600:G	Epsilon
B.1.427	22018	G	C	1	22018:G>C	22018:G	Epsilon
B.1.427	22018	G	T	1	22018:G>T	22018:G	Epsilon
B.1.427	26681	C	T	1	26681:C>T	26681:C	Epsilon
B.1.427	28272	A	T	1	28272:A>T	28272:A	Epsilon
B.1.429	12878	A	G	1	12878:A>G	12878:A	Epsilon
B.1.429	17014	G	T	1	17014:G>T	17014:G	Epsilon
B.1.429	21600	G	T	1	21600:G>T	21600:G	Epsilon
B.1.429	22018	G	C	1	22018:G>C	22018:G	Epsilon
B.1.429	22018	G	T	1	22018:G>T	22018:G	Epsilon
B.1.429	24349	T	C	1	24349:T>C	24349:T	Epsilon
B.1.429	26681	C	T	1	26681:C>T	26681:C	Epsilon
B.1.429	27890	G	T	1	27890:G>T	27890:G	Epsilon
B.1.429	28272	A	T	1	28272:A>T	28272:A	Epsilon
B.1.525	1498	C	T	1	1498:C>T	1498:C	Eta
B.1.525	1807	A	G	1	1807:A>G	1807:A	Eta
B.1.525	8593	T	C	1	8593:T>C	8593:T	Eta
B.1.525	9565	C	T	1	9565:C>T	9565:C	Eta
B.1.525	14410	A	C	1	14410:A>C	14410:A	Eta
B.1.525	14410	A	T	1	14410:A>T	14410:A	Eta
B.1.525	18171	C	T	1	18171:C>T	18171:C	Eta
B.1.525	20724	A	G	1	20724:A>G	20724:A	Eta
B.1.525	21717	A	G	1	21717:A>G	21717:A	Eta
B.1.525	23593	G	C	1	23593:G>C	23593:G	Eta
B.1.525	23593	G	T	1	23593:G>T	23593:G	Eta
B.1.525	24224	T	C	1	24224:T>C	24224:T	Eta
B.1.525	24226	T	A	1	24226:T>A	24226:T	Eta
B.1.525	24226	T	G	1	24226:T>G	24226:T	Eta
B.1.525	24748	C	T	1	24748:C>T	24748:C	Eta
B.1.525	26305	C	T	1	26305:C>T	26305:C	Eta
B.1.525	28699	A	G	1	28699:A>G	28699:A	Eta
B.1.525	29543	G	T	1	29543:G>T	29543:G	Eta
B.1.526	9867	T	C	1	9867:T>C	9867:T	Iota
B.1.526	16500	A	C	1	16500:A>C	16500:A	Iota
B.1.526	16500	A	T	1	16500:A>T	16500:A	Iota
B.1.526	20262	A	G	1	20262:A>G	20262:A	Iota
B.1.526	21575	C	T	1	21575:C>T	21575:C	Iota
B.1.526	22320	A	G	1	22320:A>G	22320:A	Iota
B.1.526	22992	G	A	1	22992:G>A	22992:G	Iota
B.1.526	23664	C	T	1	23664:C>T	23664:C	Iota
B.1.526	24432	A	G	1	24432:A>G	24432:A	Iota
B.1.526	25517	C	T	1	25517:C>T	25517:C	Iota
B.1.526	27925	C	T	1	27925:C>T	27925:C	Iota
B.1.526	28311	C	T	1	28311:C>T	28311:C	Iota
B.1.526	28869	C	T	1	28869:C>T	28869:C	Iota
B.1.526	28877	A	C	1	28877:A>C	28877:A	Iota
B.1.526	28879	T	A	1	28879:T>A	28879:T	Iota
B.1.526	28879	T	G	1	28879:T>G	28879:T	Iota
B.1.526	28975	G	A	1	28975:G>A	28975:G	Iota
B.1.526	28975	G	C	1	28975:G>C	28975:G	Iota
B.1.526	28975	G	T	1	28975:G>T	28975:G	Iota
B.1.617.1	3457	C	T	1	3457:C>T	3457:C	Kappa
B.1.617.1	4965	C	T	1	4965:C>T	4965:C	Kappa
B.1.617.1	11201	A	G	1	11201:A>G	11201:A	Kappa
B.1.617.1	17522	T	A	1	17522:T>A	17522:T	Kappa
B.1.617.1	17523	G	T	1	17523:G>T	17523:G	Kappa
B.1.617.1	25469	C	T	1	25469:C>T	25469:C	Kappa
B.1.617.2	21987	G	A	1	21987:G>A	21987:G	Delta
B.1.617.2	22995	C	A	1	22995:C>A	22995:C	Delta
B.1.617.2	25469	C	T	1	25469:C>T	25469:C	Delta
B.1.617.2	27752	C	T	1	27752:C>T	27752:C	Delta
B.1.617.2	28461	A	G	1	28461:A>G	28461:A	Delta
B.1.617.2	29402	G	T	1	29402:G>T	29402:G	Delta
B.1.617.3	835	C	T	1	835:C>T	835:C	B.1.617.3
B.1.617.3	7296	C	T	1	7296:C>T	7296:C	B.1.617.3
B.1.617.3	8208	C	T	1	8208:C>T	8208:C	B.1.617.3
B.1.617.3	10634	G	T	1	10634:G>T	10634:G	B.1.617.3
B.1.617.3	11322	C	T	1	11322:C>T	11322:C	B.1.617.3
B.1.617.3	16293	C	T	1	16293:C>T	16293:C	B.1.617.3
B.1.617.3	27384	T	C	1	27384:T>C	27384:T	B.1.617.3
B.1.617.3	27970	C	T	1	27970:C>T	27970:C	B.1.617.3
B.1.617.3	28472	C	T	1	28472:C>T	28472:C	B.1.617.3
B.1.617.3	29402	G	T	1	29402:G>T	29402:G	B.1.617.3
B.1.621	3428	A	G	1	3428:A>G	3428:A	Mu
B.1.621	4878	C	T	1	4878:C>T	4878:C	Mu
B.1.621	6037	C	T	1	6037:C>T	6037:C	Mu
B.1.621	11451	A	G	1	11451:A>G	11451:A	Mu
B.1.621	13057	A	T	1	13057:A>T	13057:A	Mu
B.1.621	17491	C	T	1	17491:C>T	17491:C	Mu
B.1.621	18877	C	T	1	18877:C>T	18877:C	Mu
B.1.621	19035	T	C	1	19035:T>C	19035:T	Mu
B.1.621	20148	C	T	1	20148:C>T	20148:C	Mu
B.1.621	21995	T	A	1	21995:T>A	21995:T	Mu
B.1.621	22599	G	A	1	22599:G>A	22599:G	Mu
B.1.621	26492	A	T	1	26492:A>T	26492:A	Mu
B.1.621	27925	C	A	1	27925:C>A	27925:C	Mu
B.1.621	28005	C	T	1	28005:C>T	28005:C	Mu
B.1.621	28093	C	T	1	28093:C>T	28093:C	Mu
B.1.621	28272	A	T	1	28272:A>T	28272:A	Mu
BA.1	2832	A	G	1	2832:A>G	2832:A	Omicron
BA.1	5386	T	G	1	5386:T>G	5386:T	Omicron
BA.1	6513	GTT	-	1	6513:GTT>-	6513:GTT	Omicron
BA.1	8393	G	A	1	8393:G>A	8393:G	Omicron
BA.1	11287	G	C	1	11287:G>C	11287:G	Omicron
BA.1	11287	G	T	1	11287:G>T	11287:G	Omicron
BA.1	11537	A	G	1	11537:A>G	11537:A	Omicron
BA.1	13195	T	C	1	13195:T>C	13195:T	Omicron
BA.1	15240	C	T	1	15240:C>T	15240:C	Omicron
BA.1	21762	C	T	1	21762:C>T	21762:C	Omicron
BA.1	21765	TACATG	-	1	21765:TACATG>-	21765:TACATG	Omicron
BA.1	21987	GTGTTTATT	-	1	21987:GTGTTTATT>-	21987:GTGTTTATT	Omicron
BA.1	22194	ATT	-	1	22194:ATT>-	22194:ATT	Omicron
BA.1	22205	-	+GAGCCAGAA	1	22205:->+GAGCCAGAA	22205:-	Omicron
BA.1	22673	T	C	1	22673:T>C	22673:T	Omicron
BA.1	22675	C	A	1	22675:C>A	22675:C	Omicron
BA.1	22675	C	G	1	22675:C>G	22675:C	Omicron
BA.1	22898	G	A	1	22898:G>A	22898:G	Omicron
BA.1	23040	A	G	1	23040:A>G	23040:A	Omicron
BA.1	23048	G	A	1	23048:G>A	23048:G	Omicron
BA.1	23202	C	A	1	23202:C>A	23202:C	Omicron
BA.1	24130	C	A	1	24130:C>A	24130:C	Omicron
BA.1	24130	C	G	1	24130:C>G	24130:C	Omicron
BA.1	24503	C	T	1	24503:C>T	24503:C	Omicron
BA.1	26530	A	G	1	26530:A>G	26530:A	Omicron
BA.2	2790	C	T	1	2790:C>T	2790:C	Omicron
BA.2	4321	C	T	1	4321:C>T	4321:C	Omicron
BA.2	9344	C	T	1	9344:C>T	9344:C	Omicron
BA.2	9424	A	G	1	9424:A>G	9424:A	Omicron
BA.2	9866	C	T	1	9866:C>T	9866:C	Omicron
BA.2	10198	C	T	1	10198:C>T	10198:C	Omicron
BA.2	21633	TACCCCCTG	-	1	21633:TACCCCCTG>-	21633:TACCCCCTG	Omicron
BA.2	23040	A	G	1	23040:A>G	23040:A	Omicron
BA.2	27382	G	C	1	27382:G>C	27382:G	Omicron
BA.2	27383	A	T	1	27383:A>T	27383:A	Omicron
BA.3	832	C	T	1	832:C>T	832:C	Omicron
BA.3	11235	C	T	1	11235:C>T	11235:C	Omicron
BA.3	21762	C	T	1	21762:C>T	21762:C	Omicron
BA.3	21765	TACATG	-	1	21765:TACATG>-	21765:TACATG	Omicron
BA.3	21987	GTGTTTATT	-	1	21987:GTGTTTATT>-	21987:GTGTTTATT	Omicron
BA.3	22194	ATT	-	1	22194:ATT>-	22194:ATT	Omicron
BA.3	22898	G	A	1	22898:G>A	22898:G	Omicron
BA.3	23040	A	G	1	23040:A>G	23040:A	Omicron
BA.3	26059	A	G	1	26059:A>G	26059:A	Omicron
BA.4	2790	C	T	1	2790:C>T	2790:C	Omicron
BA.4	4321	C	T	1	4321:C>T	4321:C	Omicron
BA.4	10198	C	T	1	10198:C>T	10198:C	Omicron
BA.4	12160	G	A	1	12160:G>A	12160:G	Omicron
BA.4	21767	CATGTC	-	1	21767:CATGTC>-	21767:CATGTC	Omicron
BA.4	23018	T	G	1	23018:T>G	23018:T	Omicron
BA.4	27382	G	C	1	27382:G>C	27382:G	Omicron
BA.4	27383	A	T	1	27383:A>T	27383:A	Omicron
BA.4	27788	G	T	1	27788:G>T	27788:G	Omicron
BA.4	28724	C	T	1	28724:C>T	28724:C	Omicron
BA.5	2790	C	T	1	2790:C>T	2790:C	Omicron
BA.5	4321	C	T	1	4321:C>T	4321:C	Omicron
BA.5	10198	C	T	1	10198:C>T	10198:C	Omicron
BA.5	12160	G	A	1	12160:G>A	12160:G	Omicron
BA.5	21767	CATGTC	-	1	21767:CATGTC>-	21767:CATGTC	Omicron
BA.5	23018	T	G	1	23018:T>G	23018:T	Omicron
BA.5	26529	G	A	1	26529:G>A	26529:G	Omicron
C.37	4002	C	T	1	4002:C>T	4002:C	Lambda
C.37	7124	C	T	1	7124:C>T	7124:C	Lambda
C.37	7424	T	G	1	7424:T>G	7424:T	Lambda
C.37	9867	T	C	1	9867:T>C	9867:T	Lambda
C.37	10097	G	A	1	10097:G>A	10097:G	Lambda
C.37	21786	G	T	1	21786:G>T	21786:G	Lambda
C.37	21789	C	T	1	21789:C>T	21789:C	Lambda
C.37	22298	AGAAGTTATTTGACTCCTGGT	-	1	22298:AGAAGTTATTTGACTCCTGGT>-	22298:AGAAGTTATTTGACTCCTGGT	Lambda
C.37	23031	T	C	1	23031:T>C	23031:T	Lambda
C.37	24138	C	A	1	24138:C>A	24138:C	Lambda
C.37	28311	C	T	1	28311:C>T	28311:C	Lambda
C.37	28913	G	T	1	28913:G>T	28913:G	Lambda
P.1	733	T	C	1	733:T>C	733:T	Gamma
P.1	2749	C	T	1	2749:C>T	2749:C	Gamma
P.1	3828	C	T	1	3828:C>T	3828:C	Gamma
P.1	5648	A	C	1	5648:A>C	5648:A	Gamma
P.1	11287	GTCTGGTTT	-	1	11287:GTCTGGTTT>-	11287:GTCTGGTTT	Gamma
P.1	12778	C	T	1	12778:C>T	12778:C	Gamma
P.1	13860	C	T	1	13860:C>T	13860:C	Gamma
P.1	21621	C	A	1	21621:C>A	21621:C	Gamma
P.1	21638	C	T	1	21638:C>T	21638:C	Gamma
P.1	22812	A	C	1	22812:A>C	22812:A	Gamma
P.1	24642	C	T	1	24642:C>T	24642:C	Gamma
P.1	28167	G	A	1	28167:G>A	28167:G	Gamma
P.1	28262	-	+AACA	1	28262:->+AACA	28262:-	Gamma
P.1	28512	C	G	1	28512:C>G	28512:C	Gamma
P.2	878	C	G	1	878:C>G	878:C	Zeta
P.2	11824	C	T	1	11824:C>T	11824:C	Zeta
P.2	12964	A	G	1	12964:A>G	12964:A	Zeta
P.2	28253	C	T	1	28253:C>T	28253:C	Zeta
P.2	28628	G	T	1	28628:G>T	28628:G	Zeta
P.2	28975	G	A	1	28975:G>A	28975:G	Zeta
P.2	28975	G	C	1	28975:G>C	28975:G	Zeta
P.2	28975	G	T	1	28975:G>T	28975:G	Zeta
P.3	4926	A	G	1	4926:A>G	4926:A	Theta
P.3	7564	C	A	1	7564:C>A	7564:C	Theta
P.3	9867	T	C	1	9867:T>C	9867:T	Theta
P.3	11308	C	A	1	11308:C>A	11308:C	Theta
P.3	11308	C	G	1	11308:C>G	11308:C	Theta
P.3	12049	C	T	1	12049:C>T	12049:C	Theta
P.3	12053	C	T	1	12053:C>T	12053:C	Theta
P.3	17339	C	G	1	17339:C>G	17339:C	Theta
P.3	17340	A	T	1	17340:A>T	17340:A	Theta
P.3	21980	TTTTTGGGT	-	1	21980:TTTTTGGGT>-	21980:TTTTTGGGT	Theta
P.3	23341	T	C	1	23341:T>C	23341:T	Theta
P.3	24187	T	A	1	24187:T>A	24187:T	Theta
P.3	24836	G	A	1	24836:G>A	24836:G	Theta
P.3	24863	C	T	1	24863:C>T	24863:C	Theta
P.3	25088	G	T	1	25088:G>T	25088:G	Theta
P.3	27897	A	C	1	27897:A>C	27897:A	Theta
XBB	15738	C	T	1	15738:C>T	15738:C	XBB
XBB	15939	T	C	1	15939:T>C	15939:T	XBB
XBB	17859	T	C	1	17859:T>C	17859:T	XBB
XBB	21810	T	C	1	21810:T>C	21810:T	XBB
XBB	21992	TAT	-	1	21992:TAT>-	21992:TAT	XBB
XBB	22000	C	A	1	22000:C>A	22000:C	XBB
XBB	22000	C	G	1	22000:C>G	22000:C	XBB
XBB	22109	C	G	1	22109:C>G	22109:C	XBB
XBB	22599	G	C	1	22599:G>C	22599:G	XBB
XBB	22664	C	A	1	22664:C>A	22664:C	XBB
XBB	22895	G	C	1	22895:G>C	22895:G	XBB
XBB	22896	T	C	1	22896:T>C	22896:T	XBB
XBB	23019	T	C	1	23019:T>C	23019:T	XBB
XBB	23031	T	C	1	23031:T>C	23031:T	XBB
XBB-parent1	22577	G	C	1	22577:G>C	22577:G	XBB-parent1
XBB-parent1	22578	G	A	1	22578:G>A	22578:G	XBB-parent1
XBB-parent1	22898	G	A	1	22898:G>A	22898:G	XBB-parent1
XBB-parent1	22942	T	A	1	22942:T>A	22942:T	XBB-parent1
XBB-parent1	22942	T	G	1	22942:T>G	22942:T	XBB-parent1
XBB-parent1	25416	C	T	1	25416:C>T	25416:C	XBB-parent1
XBB-parent1	26275	A	G	1	26275:A>G	26275:A	XBB-parent1
XBB-parent2	16342	T	C	1	16342:T>C	16342:T	XBB-parent2
XBB.1	22786	A	C	1	22786:A>C	22786:A	XBB.1
XBB.1	22786	A	T	1	22786:A>T	22786:A	XBB.1
XBB.1	22813	G	C	1	22813:G>C	22813:G	XBB.1
XBB.1	22813	G	T	1	22813:G>T	22813:G	XBB.1
XBB.1	27915	G	T	1	27915:G>T	27915:G	XBB.1
XBB.1.16	18703	G	T	1	18703:G>T	18703:G	XBB.1.16
XBB.1.16	22101	A	T	1	22101:A>T	22101:A	XBB.1.16
XBB.1.16	28297	T	C	1	28297:T>C	28297:T	XBB.1.16
XBB.1.16	28447	A	G	1	28447:A>G	28447:A	XBB.1.16
XBB.1.16	29386	C	T	1	29386:C>T	29386:C	XBB.1.16
XBB.1.5	17124	T	C	1	17124:T>C	17124:T	XBB.1.5
XBB.1.5	22317	G	T	1	22317:G>T	22317:G	XBB.1.5
XBB.1.5	23018	T	C	1	23018:T>C	23018:T	XBB.1.5
XBB.1.5	23019	T	C	1	23019:T>C	23019:T	XBB.1.5
XE	3241	C	T	1	3241:C>T	3241:C	XE
XE	5386	T	G	1	5386:T>G	5386:T	XE
XE	14599	C	T	1	14599:C>T	14599:C	XE
XE-parent1	2832	A	G	1	2832:A>G	2832:A	XE-parent1
XE-parent1	5386	T	G	1	5386:T>G	5386:T	XE-parent1
XE-parent1	6513	GTT	-	1	6513:GTT>-	6513:GTT	XE-parent1
XE-parent1	8393	G	A	1	8393:G>A	8393:G	XE-parent1
XE-parent2	21633	TACCCCCTG	-	1	21633:TACCCCCTG>-	21633:TACCCCCTG	XE-parent2
XE-parent2	22786	A	C	1	22786:A>C	22786:A	XE-parent2
XE-parent2	22786	A	T	1	22786:A>T	22786:A	XE-parent2
XE-parent2	27382	G	C	1	27382:G>C	27382:G	XE-parent2
XE-parent2	27383	A	T	1	27383:A>T	27383:A	XE-parent2
