candidate_minor_lineage	n_specific_sites	n_minor_supported	minor_median_af	minor_mean_af	minor_supported_mutations	minor_supported_alt_dp	minor_supported_total_dp	passes_minor_rule
AY.1	14	4	0.317157	0.29333425	['22813:G>T', '25469:C>T', '27638:T>C', '28461:A>G']	[10251.0, 24143.0, 57372.0, 7664.0]	[29044.0, 85806.0, 145675.0, 52787.0]	True
B.1.617.2	13	3	0.281367	0.27346333333333334	['25469:C>T', '27638:T>C', '28461:A>G']	[24143.0, 57372.0, 7664.0]	[85806.0, 145675.0, 52787.0]	False
B.1.1.529	34	3	0.136731	0.14804166666666665	['22992:G>A', '23013:A>C', '23948:G>T']	[5333.0, 5478.0, 4931.0]	[40184.0, 40064.0, 28229.0]	False
B.1.617.1	11	2	0.3376015	0.3376015	['25469:C>T', '27638:T>C']	[24143.0, 57372.0]	[85806.0, 145675.0]	False
B.1.1.7	24	2	0.1899775	0.1899775	['23709:C>T', '27972:C>T']	[15399.0, 10740.0]	[70719.0, 66212.0]	False
B.1.617.3	17	1	0.393836	0.393836	['27638:T>C']	[57372.0]	[145675.0]	False
XBB.1	5	1	0.352947	0.352947	['22813:G>T']	[10251.0]	[29044.0]	False
AY.4.2	3	1	0.172428	0.172428	['22227:C>T']	[14989.0]	[86929.0]	False
B.1.526	24	1	0.132715	0.132715	['22992:G>A']	[5333.0]	[40184.0]	False
BA.1	30	1	0.0801955	0.0801955	['11537:A>G']	[1887.0]	[23530.0]	False
A.23.1	21	0	0.0	0.0	[]	[]	[]	False
AV.1	13	0	0.0	0.0	[]	[]	[]	False
AY.4	17	0	0.0	0.0	[]	[]	[]	False
B.1.1.318	22	0	0.0	0.0	[]	[]	[]	False
B.1.351	16	0	0.0	0.0	[]	[]	[]	False
B.1.427	14	0	0.0	0.0	[]	[]	[]	False
B.1.429	15	0	0.0	0.0	[]	[]	[]	False
B.1.525	20	0	0.0	0.0	[]	[]	[]	False
B.1.621	25	0	0.0	0.0	[]	[]	[]	False
BA.2	40	0	0.0	0.0	[]	[]	[]	False
BA.3	25	0	0.0	0.0	[]	[]	[]	False
BA.4	41	0	0.0	0.0	[]	[]	[]	False
BA.5	37	0	0.0	0.0	[]	[]	[]	False
P.1	16	0	0.0	0.0	[]	[]	[]	False
P.2	9	0	0.0	0.0	[]	[]	[]	False
P.3	18	0	0.0	0.0	[]	[]	[]	False
XBB	14	0	0.0	0.0	[]	[]	[]	False
XBB-parent1	7	0	0.0	0.0	[]	[]	[]	False
XBB-parent2	1	0	0.0	0.0	[]	[]	[]	False
XBB.1.16	5	0	0.0	0.0	[]	[]	[]	False
XBB.1.5	4	0	0.0	0.0	[]	[]	[]	False
XE	5	0	0.0	0.0	[]	[]	[]	False
XE-parent1	4	0	0.0	0.0	[]	[]	[]	False
XE-parent2	28	0	0.0	0.0	[]	[]	[]	False
