lineage	pos	ref	alt	is_defining	raw_site	event_group	kind	source_file
A.23.1	21867	G	T	1	S:R102I	S:R102I	aa_sub	cA.23.1+E484K.json
A.23.1	21867	G	T	1	S:R102I	S:R102I	aa_sub	cA.23.1.json
A.23.1	22031	T	C	1	S:F157L	S:F157L	aa_sub	cA.23.1+E484K.json
A.23.1	22031	T	C	1	S:F157L	S:F157L	aa_sub	cA.23.1.json
A.23.1	22033	C	A	1	S:F157L	S:F157L	aa_sub	cA.23.1+E484K.json
A.23.1	22033	C	A	1	S:F157L	S:F157L	aa_sub	cA.23.1.json
A.23.1	22033	C	G	1	S:F157L	S:F157L	aa_sub	cA.23.1+E484K.json
A.23.1	22033	C	G	1	S:F157L	S:F157L	aa_sub	cA.23.1.json
A.23.1	22661	G	T	1	S:V367F	S:V367F	aa_sub	cA.23.1+E484K.json
A.23.1	22661	G	T	1	S:V367F	S:V367F	aa_sub	cA.23.1.json
A.23.1	23012	G	A	1	S:E484K	S:E484K	aa_sub	cA.23.1+E484K.json
A.23.1	23401	G	C	1	S:Q613H	S:Q613H	aa_sub	cA.23.1+E484K.json
A.23.1	23401	G	C	1	S:Q613H	S:Q613H	aa_sub	cA.23.1.json
A.23.1	23401	G	T	1	S:Q613H	S:Q613H	aa_sub	cA.23.1+E484K.json
A.23.1	23401	G	T	1	S:Q613H	S:Q613H	aa_sub	cA.23.1.json
A.23.1	23604	C	G	1	S:P681R	S:P681R	aa_sub	cA.23.1+E484K.json
A.23.1	23604	C	G	1	S:P681R	S:P681R	aa_sub	cA.23.1.json
A.23.1	28144	T	C	1	ORF8:L84S	ORF8:L84S	aa_sub	cA.23.1+E484K.json
A.23.1	28144	T	C	1	ORF8:L84S	ORF8:L84S	aa_sub	cA.23.1.json
A.23.1	28167	G	A	1	ORF8:E92K	ORF8:E92K	aa_sub	cA.23.1+E484K.json
A.23.1	28167	G	A	1	ORF8:E92K	ORF8:E92K	aa_sub	cA.23.1.json
A.23.1	28878	G	A	1	N:S202N	N:S202N	aa_sub	cA.23.1+E484K.json
A.23.1	28878	G	A	1	N:S202N	N:S202N	aa_sub	cA.23.1.json
AV.1	21801	A	G	1	s:D80G	s:D80G	aa_sub	cAV1.json
AV.1	21846	C	T	1	s:T95I	s:T95I	aa_sub	cAV1.json
AV.1	21987	G	A	1	s:G142D	s:G142D	aa_sub	cAV1.json
AV.1	21992	TAT	-	1	s:Y144-	s:Y144-	aa_del	cAV1.json
AV.1	22879	C	A	1	s:N439K	s:N439K	aa_sub	cAV1.json
AV.1	22879	C	G	1	s:N439K	s:N439K	aa_sub	cAV1.json
AV.1	23012	G	A	1	s:E484K	s:E484K	aa_sub	cAV1.json
AV.1	23403	A	G	1	s:D614G	s:D614G	aa_sub	cAV1.json
AV.1	23604	C	A	1	s:P681H	s:P681H	aa_sub	cAV1.json
AV.1	24950	A	G	1	s:I1130V	s:I1130V	aa_sub	cAV1.json
AV.1	24977	G	C	1	s:D1139H	s:D1139H	aa_sub	cAV1.json
AV.1	26709	G	A	1	M:A63T	M:A63T	aa_sub	cAV1.json
AV.1	26895	C	T	1	M:H125Y	M:H125Y	aa_sub	cAV1.json
AV.1	28742	A	G	1	N:I157V	N:I157V	aa_sub	cAV1.json
AV.1	28881	G	A	1	N:R203K	N:R203K	aa_sub	cAV1.json
AV.1	28883	G	A	1	N:G204R	N:G204R	aa_sub	cAV1.json
AV.1	28883	G	C	1	N:G204R	N:G204R	aa_sub	cAV1.json
AY.1	21618	C	G	1	S:T19R	S:T19R	aa_sub	cB.1.617.2+K417N.json
AY.1	22813	G	C	1	S:K417N	S:K417N	aa_sub	cB.1.617.2+K417N.json
AY.1	22813	G	T	1	S:K417N	S:K417N	aa_sub	cB.1.617.2+K417N.json
AY.1	22917	T	G	1	S:L452R	S:L452R	aa_sub	cB.1.617.2+K417N.json
AY.1	22995	C	A	1	S:T478K	S:T478K	aa_sub	cB.1.617.2+K417N.json
AY.1	23604	C	G	1	S:P681R	S:P681R	aa_sub	cB.1.617.2+K417N.json
AY.1	24410	G	A	1	S:D950N	S:D950N	aa_sub	cB.1.617.2+K417N.json
AY.1	25469	C	T	1	ORF3a:S26L	ORF3a:S26L	aa_sub	cB.1.617.2+K417N.json
AY.1	26767	T	C	1	M:I82T	M:I82T	aa_sub	cB.1.617.2+K417N.json
AY.1	27638	T	C	1	ORF7a:V82A	ORF7a:V82A	aa_sub	cB.1.617.2+K417N.json
AY.1	27752	C	T	1	ORF7a:T120I	ORF7a:T120I	aa_sub	cB.1.617.2+K417N.json
AY.1	28461	A	G	1	N:D63G	N:D63G	aa_sub	cB.1.617.2+K417N.json
AY.1	28881	G	T	1	N:R203M	N:R203M	aa_sub	cB.1.617.2+K417N.json
AY.1	29402	G	T	1	N:D377Y	N:D377Y	aa_sub	cB.1.617.2+K417N.json
AY.4	8986	C	T	1	nuc:C8986T	nuc:C8986T	nuc_snv	cAY.4.json
AY.4	11332	A	G	1	nuc:A11332G	nuc:A11332G	nuc_snv	cAY.4.json
AY.4	22029	AGTTCA	-	1	del:22029:6	del:22029:6	del_len	cAY.4.json
AY.4	27874	C	T	1	nuc:C27874T	nuc:C27874T	nuc_snv	cAY.4.json
AY.4	28248	GATTTC	-	1	del:28248:6	del:28248:6	del_len	cAY.4.json
AY.4	28271	A	-	1	del:28271:1	del:28271:1	del_len	cAY.4.json
AY.4	28916	G	T	1	n:G215C	n:G215C	aa_sub	cAY.4.json
AY.4	29742	G	T	1	nuc:G29742T	nuc:G29742T	nuc_snv	cAY.4.json
AY.4.2	17040	T	C	1	nuc:T17040C	nuc:T17040C	nuc_snv	cAY.4.2.json
AY.4.2	21995	T	C	1	spike:Y145H	spike:Y145H	aa_sub	cAY.4.2.json
AY.4.2	22227	C	T	1	spike:A222V	spike:A222V	aa_sub	cAY.4.2.json
B.1.1.318	3961	C	T	1	nuc:C3961T	nuc:C3961T	nuc_snv	cB.1.1.318.json
B.1.1.318	11287	GTCTGGTTT	-	1	del:11287:9	del:11287:9	del_len	cB.1.1.318.json
B.1.1.318	21846	C	T	1	S:T95I	S:T95I	aa_sub	cB.1.1.318.json
B.1.1.318	21990	TTT	-	1	del:21990:3	del:21990:3	del_len	cB.1.1.318.json
B.1.1.318	23012	G	A	1	S:E484K	S:E484K	aa_sub	cB.1.1.318.json
B.1.1.318	23287	T	C	1	nuc:T23287C	nuc:T23287C	nuc_snv	cB.1.1.318.json
B.1.1.318	23604	C	A	1	S:P681H	S:P681H	aa_sub	cB.1.1.318.json
B.1.1.318	23948	G	C	1	S:D796H	S:D796H	aa_sub	cB.1.1.318.json
B.1.1.318	25276	C	A	1	nuc:C25276A	nuc:C25276A	nuc_snv	cB.1.1.318.json
B.1.1.318	26767	T	C	1	M:I82T	M:I82T	aa_sub	cB.1.1.318.json
B.1.1.318	27887	AACGAACATGAAATT	-	1	del:27887:15	del:27887:15	del_len	cB.1.1.318.json
B.1.1.318	28209	G	T	1	ORF8:E106*	ORF8:E106*	aa_sub	cB.1.1.318.json
B.1.1.318	28271	A	G	1	nuc:A28271G	nuc:A28271G	nuc_snv	cB.1.1.318.json
B.1.1.318	28895	GCT	-	1	del:28895:3	del:28895:3	del_len	cB.1.1.318.json
B.1.1.529	3037	C	T	1	nuc:C3037T	nuc:C3037T	nuc_snv	cB.1.1.529.json
B.1.1.529	10029	C	T	1	orf1ab:T3255I	orf1ab:T3255I	aa_sub	cB.1.1.529.json
B.1.1.529	10449	C	A	1	orf1ab:P3395H	orf1ab:P3395H	aa_sub	cB.1.1.529.json
B.1.1.529	18164	T	G	1	orf1ab:I5967V	orf1ab:I5967V	aa_sub	cB.1.1.529.json
B.1.1.529	18165	A	T	1	orf1ab:I5967V	orf1ab:I5967V	aa_sub	cB.1.1.529.json
B.1.1.529	21987	G	A	1	spike:G142D	spike:G142D	aa_sub	cB.1.1.529.json
B.1.1.529	22578	G	A	1	spike:G339D	spike:G339D	aa_sub	cB.1.1.529.json
B.1.1.529	22679	T	C	1	spike:S373P	spike:S373P	aa_sub	cB.1.1.529.json
B.1.1.529	22686	C	T	1	spike:S375F	spike:S375F	aa_sub	cB.1.1.529.json
B.1.1.529	22882	T	A	1	spike:N440K	spike:N440K	aa_sub	cB.1.1.529.json
B.1.1.529	22882	T	G	1	spike:N440K	spike:N440K	aa_sub	cB.1.1.529.json
B.1.1.529	22992	G	A	1	spike:S477N	spike:S477N	aa_sub	cB.1.1.529.json
B.1.1.529	22995	C	A	1	spike:T478K	spike:T478K	aa_sub	cB.1.1.529.json
B.1.1.529	23013	A	C	1	spike:E484A	spike:E484A	aa_sub	cB.1.1.529.json
B.1.1.529	23055	A	G	1	spike:Q498R	spike:Q498R	aa_sub	cB.1.1.529.json
B.1.1.529	23063	A	T	1	spike:N501Y	spike:N501Y	aa_sub	cB.1.1.529.json
B.1.1.529	23075	T	C	1	spike:Y505H	spike:Y505H	aa_sub	cB.1.1.529.json
B.1.1.529	23403	A	G	1	spike:D614G	spike:D614G	aa_sub	cB.1.1.529.json
B.1.1.529	23525	C	T	1	spike:H655Y	spike:H655Y	aa_sub	cB.1.1.529.json
B.1.1.529	23599	T	A	1	spike:N679K	spike:N679K	aa_sub	cB.1.1.529.json
B.1.1.529	23599	T	G	1	spike:N679K	spike:N679K	aa_sub	cB.1.1.529.json
B.1.1.529	23604	C	A	1	spike:P681H	spike:P681H	aa_sub	cB.1.1.529.json
B.1.1.529	23854	C	A	1	spike:N764K	spike:N764K	aa_sub	cB.1.1.529.json
B.1.1.529	23854	C	G	1	spike:N764K	spike:N764K	aa_sub	cB.1.1.529.json
B.1.1.529	23948	G	T	1	spike:D796Y	spike:D796Y	aa_sub	cB.1.1.529.json
B.1.1.529	24424	A	C	1	spike:Q954H	spike:Q954H	aa_sub	cB.1.1.529.json
B.1.1.529	24424	A	T	1	spike:Q954H	spike:Q954H	aa_sub	cB.1.1.529.json
B.1.1.529	24469	T	A	1	spike:N969K	spike:N969K	aa_sub	cB.1.1.529.json
B.1.1.529	24469	T	G	1	spike:N969K	spike:N969K	aa_sub	cB.1.1.529.json
B.1.1.529	26270	C	T	1	e:T9I	e:T9I	aa_sub	cB.1.1.529.json
B.1.1.529	26577	C	G	1	m:Q19E	m:Q19E	aa_sub	cB.1.1.529.json
B.1.1.529	26709	G	A	1	m:A63T	m:A63T	aa_sub	cB.1.1.529.json
B.1.1.529	27259	A	C	1	nuc:A27259C	nuc:A27259C	nuc_snv	cB.1.1.529.json
B.1.1.529	27807	C	T	1	nuc:C27807T	nuc:C27807T	nuc_snv	cB.1.1.529.json
B.1.1.529	28271	A	T	1	nuc:A28271T	nuc:A28271T	nuc_snv	cB.1.1.529.json
B.1.1.529	28311	C	T	1	n:P13L	n:P13L	aa_sub	cB.1.1.529.json
B.1.1.529	28362	GAGAACGCA	-	1	del:28362:9	del:28362:9	del_len	cB.1.1.529.json
B.1.1.7	913	C	T	1	nuc:C913T	nuc:C913T	nuc_snv	cB.1.1.7+E484K.json
B.1.1.7	913	C	T	1	nuc:C913T	nuc:C913T	nuc_snv	cB.1.1.7.json
B.1.1.7	3267	C	T	1	1ab:T1001I	1ab:T1001I	aa_sub	cB.1.1.7+E484K.json
B.1.1.7	3267	C	T	1	1ab:T1001I	1ab:T1001I	aa_sub	cB.1.1.7.json
B.1.1.7	5388	C	A	1	1ab:A1708D	1ab:A1708D	aa_sub	cB.1.1.7+E484K.json
B.1.1.7	5388	C	A	1	1ab:A1708D	1ab:A1708D	aa_sub	cB.1.1.7.json
B.1.1.7	5986	C	T	1	nuc:C5986T	nuc:C5986T	nuc_snv	cB.1.1.7+E484K.json
B.1.1.7	5986	C	T	1	nuc:C5986T	nuc:C5986T	nuc_snv	cB.1.1.7.json
B.1.1.7	6954	T	C	1	1ab:I2230T	1ab:I2230T	aa_sub	cB.1.1.7+E484K.json
B.1.1.7	6954	T	C	1	1ab:I2230T	1ab:I2230T	aa_sub	cB.1.1.7.json
B.1.1.7	11288	TCTGGTTTT	-	1	1ab:SGF3675-	1ab:SGF3675-	aa_del	cB.1.1.7+E484K.json
B.1.1.7	11288	TCTGGTTTT	-	1	1ab:SGF3675-	1ab:SGF3675-	aa_del	cB.1.1.7.json
B.1.1.7	14676	C	T	1	nuc:C14676T	nuc:C14676T	nuc_snv	cB.1.1.7+E484K.json
B.1.1.7	14676	C	T	1	nuc:C14676T	nuc:C14676T	nuc_snv	cB.1.1.7.json
B.1.1.7	15279	C	T	1	nuc:C15279T	nuc:C15279T	nuc_snv	cB.1.1.7+E484K.json
B.1.1.7	15279	C	T	1	nuc:C15279T	nuc:C15279T	nuc_snv	cB.1.1.7.json
B.1.1.7	16176	T	C	1	nuc:T16176C	nuc:T16176C	nuc_snv	cB.1.1.7+E484K.json
B.1.1.7	16176	T	C	1	nuc:T16176C	nuc:T16176C	nuc_snv	cB.1.1.7.json
B.1.1.7	21767	CATGTC	-	1	s:HV69-	s:HV69-	aa_del	cB.1.1.7+E484K.json
B.1.1.7	21767	CATGTC	-	1	s:HV69-	s:HV69-	aa_del	cB.1.1.7.json
B.1.1.7	21992	TAT	-	1	s:Y144-	s:Y144-	aa_del	cB.1.1.7+E484K.json
B.1.1.7	21992	TAT	-	1	s:Y144-	s:Y144-	aa_del	cB.1.1.7.json
B.1.1.7	23012	G	A	1	S:E484K	S:E484K	aa_sub	cB.1.1.7+E484K.json
B.1.1.7	23063	A	T	1	s:N501Y	s:N501Y	aa_sub	cB.1.1.7+E484K.json
B.1.1.7	23063	A	T	1	s:N501Y	s:N501Y	aa_sub	cB.1.1.7.json
B.1.1.7	23271	C	A	1	s:A570D	s:A570D	aa_sub	cB.1.1.7+E484K.json
B.1.1.7	23271	C	A	1	s:A570D	s:A570D	aa_sub	cB.1.1.7.json
B.1.1.7	23604	C	A	1	s:P681H	s:P681H	aa_sub	cB.1.1.7+E484K.json
B.1.1.7	23604	C	A	1	s:P681H	s:P681H	aa_sub	cB.1.1.7.json
B.1.1.7	23709	C	T	1	s:T716I	s:T716I	aa_sub	cB.1.1.7+E484K.json
B.1.1.7	23709	C	T	1	s:T716I	s:T716I	aa_sub	cB.1.1.7.json
B.1.1.7	24506	T	G	1	s:S982A	s:S982A	aa_sub	cB.1.1.7+E484K.json
B.1.1.7	24506	T	G	1	s:S982A	s:S982A	aa_sub	cB.1.1.7.json
B.1.1.7	24914	G	C	1	s:D1118H	s:D1118H	aa_sub	cB.1.1.7+E484K.json
B.1.1.7	24914	G	C	1	s:D1118H	s:D1118H	aa_sub	cB.1.1.7.json
B.1.1.7	26801	C	T	1	nuc:C26801T	nuc:C26801T	nuc_snv	cB.1.1.7+E484K.json
B.1.1.7	26801	C	T	1	nuc:C26801T	nuc:C26801T	nuc_snv	cB.1.1.7.json
B.1.1.7	27972	C	T	1	8:Q27*	8:Q27*	aa_sub	cB.1.1.7+E484K.json
B.1.1.7	27972	C	T	1	8:Q27*	8:Q27*	aa_sub	cB.1.1.7.json
B.1.1.7	28048	G	T	1	8:R52I	8:R52I	aa_sub	cB.1.1.7+E484K.json
B.1.1.7	28048	G	T	1	8:R52I	8:R52I	aa_sub	cB.1.1.7.json
B.1.1.7	28111	A	G	1	8:Y73C	8:Y73C	aa_sub	cB.1.1.7+E484K.json
B.1.1.7	28111	A	G	1	8:Y73C	8:Y73C	aa_sub	cB.1.1.7.json
B.1.1.7	28280	G	C	1	N:D3L	N:D3L	aa_sub	cB.1.1.7+E484K.json
B.1.1.7	28280	G	C	1	N:D3L	N:D3L	aa_sub	cB.1.1.7.json
B.1.1.7	28281	A	T	1	N:D3L	N:D3L	aa_sub	cB.1.1.7+E484K.json
B.1.1.7	28281	A	T	1	N:D3L	N:D3L	aa_sub	cB.1.1.7.json
B.1.1.7	28977	C	T	1	N:S235F	N:S235F	aa_sub	cB.1.1.7+E484K.json
B.1.1.7	28977	C	T	1	N:S235F	N:S235F	aa_sub	cB.1.1.7.json
B.1.351	5230	G	C	1	ORF1ab:K1655N	ORF1ab:K1655N	aa_sub	cB.1.351.json
B.1.351	5230	G	T	1	ORF1ab:K1655N	ORF1ab:K1655N	aa_sub	cB.1.351.json
B.1.351	10323	A	G	1	ORF1ab:K3353R	ORF1ab:K3353R	aa_sub	cB.1.351.json
B.1.351	11287	GTCTGGTTT	-	1	del:11287:9	del:11287:9	del_len	cB.1.351.json
B.1.351	21801	A	C	1	S:D80A	S:D80A	aa_sub	cB.1.351.json
B.1.351	22206	A	G	1	S:D215G	S:D215G	aa_sub	cB.1.351.json
B.1.351	22280	ACTTTACTT	-	1	del:22280:9	del:22280:9	del_len	cB.1.351.json
B.1.351	23012	G	A	1	S:E484K	S:E484K	aa_sub	cB.1.351.json
B.1.351	23063	A	T	1	S:N501Y	S:N501Y	aa_sub	cB.1.351.json
B.1.351	23664	C	T	1	S:A701V	S:A701V	aa_sub	cB.1.351.json
B.1.351	25563	G	C	1	ORF3a:Q57H	ORF3a:Q57H	aa_sub	cB.1.351.json
B.1.351	25563	G	T	1	ORF3a:Q57H	ORF3a:Q57H	aa_sub	cB.1.351.json
B.1.351	25904	C	T	1	ORF3a:S171L	ORF3a:S171L	aa_sub	cB.1.351.json
B.1.351	26456	C	T	1	E:P71L	E:P71L	aa_sub	cB.1.351.json
B.1.351	28887	C	T	1	N:T205I	N:T205I	aa_sub	cB.1.351.json
B.1.427	241	C	T	1	nuc:C241T	nuc:C241T	nuc_snv	cB.1.427.json
B.1.427	3037	C	T	1	nuc:C3037T	nuc:C3037T	nuc_snv	cB.1.427.json
B.1.427	13713	G	A	1	nuc:G13713A	nuc:G13713A	nuc_snv	cB.1.427.json
B.1.427	21600	G	T	1	spike:S13I	spike:S13I	aa_sub	cB.1.427.json
B.1.427	22018	G	C	1	spike:W152C	spike:W152C	aa_sub	cB.1.427.json
B.1.427	22018	G	T	1	spike:W152C	spike:W152C	aa_sub	cB.1.427.json
B.1.427	22917	T	G	1	spike:L452R	spike:L452R	aa_sub	cB.1.427.json
B.1.427	23403	A	G	1	spike:D614G	spike:D614G	aa_sub	cB.1.427.json
B.1.427	25563	G	C	1	orf3a:Q57H	orf3a:Q57H	aa_sub	cB.1.427.json
B.1.427	25563	G	T	1	orf3a:Q57H	orf3a:Q57H	aa_sub	cB.1.427.json
B.1.427	26681	C	T	1	nuc:C26681T	nuc:C26681T	nuc_snv	cB.1.427.json
B.1.427	28272	A	T	1	nuc:A28272T	nuc:A28272T	nuc_snv	cB.1.427.json
B.1.427	28887	C	T	1	n:T205I	n:T205I	aa_sub	cB.1.427.json
B.1.429	3037	C	T	1	nuc:C3037T	nuc:C3037T	nuc_snv	cB.1.429.json
B.1.429	21600	G	T	1	spike:S13I	spike:S13I	aa_sub	cB.1.429.json
B.1.429	22018	G	C	1	spike:W152C	spike:W152C	aa_sub	cB.1.429.json
B.1.429	22018	G	T	1	spike:W152C	spike:W152C	aa_sub	cB.1.429.json
B.1.429	22917	T	G	1	spike:L452R	spike:L452R	aa_sub	cB.1.429.json
B.1.429	23403	A	G	1	spike:D614G	spike:D614G	aa_sub	cB.1.429.json
B.1.429	24349	T	C	1	nuc:T24349C	nuc:T24349C	nuc_snv	cB.1.429.json
B.1.429	25563	G	C	1	orf3a:Q57H	orf3a:Q57H	aa_sub	cB.1.429.json
B.1.429	25563	G	T	1	orf3a:Q57H	orf3a:Q57H	aa_sub	cB.1.429.json
B.1.429	26681	C	T	1	nuc:C26681T	nuc:C26681T	nuc_snv	cB.1.429.json
B.1.429	27890	G	T	1	nuc:G27890T	nuc:G27890T	nuc_snv	cB.1.429.json
B.1.429	28272	A	T	1	nuc:A28272T	nuc:A28272T	nuc_snv	cB.1.429.json
B.1.429	28887	C	T	1	n:T205I	n:T205I	aa_sub	cB.1.429.json
B.1.525	1498	C	T	1	nuc:C1498T	nuc:C1498T	nuc_snv	cB.1.525.json
B.1.525	1807	A	G	1	nuc:A1807G	nuc:A1807G	nuc_snv	cB.1.525.json
B.1.525	8593	T	C	1	nuc:T8593C	nuc:T8593C	nuc_snv	cB.1.525.json
B.1.525	9565	C	T	1	nuc:C9565T	nuc:C9565T	nuc_snv	cB.1.525.json
B.1.525	18171	C	T	1	nuc:C18171T	nuc:C18171T	nuc_snv	cB.1.525.json
B.1.525	20724	A	G	1	nuc:A20724G	nuc:A20724G	nuc_snv	cB.1.525.json
B.1.525	21717	A	G	1	S:Q52R	S:Q52R	aa_sub	cB.1.525.json
B.1.525	23012	G	A	1	S:E484K	S:E484K	aa_sub	cB.1.525.json
B.1.525	23593	G	C	1	S:Q677H	S:Q677H	aa_sub	cB.1.525.json
B.1.525	23593	G	T	1	S:Q677H	S:Q677H	aa_sub	cB.1.525.json
B.1.525	24224	T	C	1	S:F888L	S:F888L	aa_sub	cB.1.525.json
B.1.525	24226	T	A	1	S:F888L	S:F888L	aa_sub	cB.1.525.json
B.1.525	24226	T	G	1	S:F888L	S:F888L	aa_sub	cB.1.525.json
B.1.525	24748	C	T	1	nuc:C24748T	nuc:C24748T	nuc_snv	cB.1.525.json
B.1.525	26305	C	T	1	E:L21F	E:L21F	aa_sub	cB.1.525.json
B.1.525	26767	T	C	1	M:I82T	M:I82T	aa_sub	cB.1.525.json
B.1.525	28699	A	G	1	nuc:A28699G	nuc:A28699G	nuc_snv	cB.1.525.json
B.1.525	29543	G	T	1	nuc:G29543T	nuc:G29543T	nuc_snv	cB.1.525.json
B.1.526	3037	C	T	1	nuc:C3037T	nuc:C3037T	nuc_snv	cB.1.526.json
B.1.526	11288	TCTGGTTTT	-	1	1ab:SGF3675-	1ab:SGF3675-	aa_del	cB.1.526.json
B.1.526	20262	A	G	1	nuc:A20262G	nuc:A20262G	nuc_snv	cB.1.526.json
B.1.526	21575	C	T	1	S:L5F	S:L5F	aa_sub	cB.1.526.json
B.1.526	21846	C	T	1	S:T95I	S:T95I	aa_sub	cB.1.526.json
B.1.526	22320	A	G	1	S:D253G	S:D253G	aa_sub	cB.1.526.json
B.1.526	22992	G	A	1	S:S477N	S:S477N	aa_sub	cB.1.526.json
B.1.526	23012	G	A	1	S:E484K	S:E484K	aa_sub	cB.1.526.json
B.1.526	23403	A	G	1	S:D614G	S:D614G	aa_sub	cB.1.526.json
B.1.526	23664	C	T	1	S:A701V	S:A701V	aa_sub	cB.1.526.json
B.1.526	24432	A	G	1	S:Q957R	S:Q957R	aa_sub	cB.1.526.json
B.1.526	25517	C	T	1	ORF3a:P42L	ORF3a:P42L	aa_sub	cB.1.526.json
B.1.526	25563	G	C	1	ORF3a:Q57H	ORF3a:Q57H	aa_sub	cB.1.526.json
B.1.526	25563	G	T	1	ORF3a:Q57H	ORF3a:Q57H	aa_sub	cB.1.526.json
B.1.526	27925	C	T	1	ORF8:T11I	ORF8:T11I	aa_sub	cB.1.526.json
B.1.526	28271	A	-	1	nuc:A28271-	nuc:A28271-	nuc_del	cB.1.526.json
B.1.526	28311	C	T	1	N:P13L	N:P13L	aa_sub	cB.1.526.json
B.1.526	28869	C	T	1	N:P199L	N:P199L	aa_sub	cB.1.526.json
B.1.526	28877	A	C	1	N:S202R	N:S202R	aa_sub	cB.1.526.json
B.1.526	28879	T	A	1	N:S202R	N:S202R	aa_sub	cB.1.526.json
B.1.526	28879	T	G	1	N:S202R	N:S202R	aa_sub	cB.1.526.json
B.1.526	28975	G	A	1	N:M234I	N:M234I	aa_sub	cB.1.526.json
B.1.526	28975	G	C	1	N:M234I	N:M234I	aa_sub	cB.1.526.json
B.1.526	28975	G	T	1	N:M234I	N:M234I	aa_sub	cB.1.526.json
B.1.617.1	3457	C	T	1	nuc:C3457T	nuc:C3457T	nuc_snv	cB.1.617.1.json
B.1.617.1	22917	T	G	1	S:L452R	S:L452R	aa_sub	cB.1.617.1.json
B.1.617.1	23012	G	C	1	S:E484Q	S:E484Q	aa_sub	cB.1.617.1.json
B.1.617.1	23604	C	G	1	S:P681R	S:P681R	aa_sub	cB.1.617.1.json
B.1.617.1	25469	C	T	1	ORF3a:S26L	ORF3a:S26L	aa_sub	cB.1.617.1.json
B.1.617.1	27638	T	C	1	ORF7a:V82A	ORF7a:V82A	aa_sub	cB.1.617.1.json
B.1.617.1	28881	G	T	1	N:R203M	N:R203M	aa_sub	cB.1.617.1.json
B.1.617.2	21618	C	G	1	S:T19R	S:T19R	aa_sub	cB.1.617.2.json
B.1.617.2	21987	G	A	1	S:G142D	S:G142D	aa_sub	cB.1.617.2.json
B.1.617.2	22917	T	G	1	S:L452R	S:L452R	aa_sub	cB.1.617.2.json
B.1.617.2	22995	C	A	1	S:T478K	S:T478K	aa_sub	cB.1.617.2.json
B.1.617.2	23604	C	G	1	S:P681R	S:P681R	aa_sub	cB.1.617.2.json
B.1.617.2	24410	G	A	1	S:D950N	S:D950N	aa_sub	cB.1.617.2.json
B.1.617.2	25469	C	T	1	ORF3a:S26L	ORF3a:S26L	aa_sub	cB.1.617.2.json
B.1.617.2	26767	T	C	1	M:I82T	M:I82T	aa_sub	cB.1.617.2.json
B.1.617.2	27638	T	C	1	ORF7a:V82A	ORF7a:V82A	aa_sub	cB.1.617.2.json
B.1.617.2	27752	C	T	1	ORF7a:T120I	ORF7a:T120I	aa_sub	cB.1.617.2.json
B.1.617.2	28461	A	G	1	N:D63G	N:D63G	aa_sub	cB.1.617.2.json
B.1.617.2	28881	G	T	1	N:R203M	N:R203M	aa_sub	cB.1.617.2.json
B.1.617.2	29402	G	T	1	N:D377Y	N:D377Y	aa_sub	cB.1.617.2.json
B.1.617.3	835	C	T	1	nuc:C835T	nuc:C835T	nuc_snv	cB.1.617.3.json
B.1.617.3	16293	C	T	1	nuc:C16293T	nuc:C16293T	nuc_snv	cB.1.617.3.json
B.1.617.3	21618	C	G	1	S:T19R	S:T19R	aa_sub	cB.1.617.3.json
B.1.617.3	22917	T	G	1	S:L452R	S:L452R	aa_sub	cB.1.617.3.json
B.1.617.3	23012	G	C	1	S:E484Q	S:E484Q	aa_sub	cB.1.617.3.json
B.1.617.3	23604	C	G	1	S:P681R	S:P681R	aa_sub	cB.1.617.3.json
B.1.617.3	24410	G	A	1	S:D950N	S:D950N	aa_sub	cB.1.617.3.json
B.1.617.3	27384	T	C	1	nuc:T27384C	nuc:T27384C	nuc_snv	cB.1.617.3.json
B.1.617.3	27638	T	C	1	ORF7a:V82A	ORF7a:V82A	aa_sub	cB.1.617.3.json
B.1.617.3	27970	C	T	1	ORF8:T26I	ORF8:T26I	aa_sub	cB.1.617.3.json
B.1.617.3	28472	C	T	1	N:P67S	N:P67S	aa_sub	cB.1.617.3.json
B.1.617.3	28881	G	T	1	N:R203M	N:R203M	aa_sub	cB.1.617.3.json
B.1.617.3	29402	G	T	1	N:D377Y	N:D377Y	aa_sub	cB.1.617.3.json
B.1.621	3037	C	T	1	nuc:C3037T	nuc:C3037T	nuc_snv	cB.1.621.json
B.1.621	6037	C	T	1	nuc:C6037T	nuc:C6037T	nuc_snv	cB.1.621.json
B.1.621	13057	A	T	1	nuc:A13057T	nuc:A13057T	nuc_snv	cB.1.621.json
B.1.621	18877	C	T	1	nuc:C18877T	nuc:C18877T	nuc_snv	cB.1.621.json
B.1.621	19035	T	C	1	nuc:T19035C	nuc:T19035C	nuc_snv	cB.1.621.json
B.1.621	20148	C	T	1	nuc:C20148T	nuc:C20148T	nuc_snv	cB.1.621.json
B.1.621	21846	C	T	1	spike:T95I	spike:T95I	aa_sub	cB.1.621.json
B.1.621	21995	T	A	1	spike:Y145N	spike:Y145N	aa_sub	cB.1.621.json
B.1.621	22599	G	A	1	spike:R346K	spike:R346K	aa_sub	cB.1.621.json
B.1.621	23012	G	A	1	spike:E484K	spike:E484K	aa_sub	cB.1.621.json
B.1.621	23063	A	T	1	spike:N501Y	spike:N501Y	aa_sub	cB.1.621.json
B.1.621	23403	A	G	1	spike:D614G	spike:D614G	aa_sub	cB.1.621.json
B.1.621	23604	C	A	1	spike:P681H	spike:P681H	aa_sub	cB.1.621.json
B.1.621	24410	G	A	1	spike:D950N	spike:D950N	aa_sub	cB.1.621.json
B.1.621	25563	G	C	1	ORF3a:Q57H	ORF3a:Q57H	aa_sub	cB.1.621.json
B.1.621	25563	G	T	1	ORF3a:Q57H	ORF3a:Q57H	aa_sub	cB.1.621.json
B.1.621	26492	A	T	1	nuc:A26492T	nuc:A26492T	nuc_snv	cB.1.621.json
B.1.621	27925	C	A	1	ORF8:T11K	ORF8:T11K	aa_sub	cB.1.621.json
B.1.621	28005	C	T	1	ORF8:P38S	ORF8:P38S	aa_sub	cB.1.621.json
B.1.621	28093	C	T	1	ORF8:S67F	ORF8:S67F	aa_sub	cB.1.621.json
B.1.621	28272	A	T	1	nuc:A28272T	nuc:A28272T	nuc_snv	cB.1.621.json
B.1.621	28887	C	T	1	N:T205I	N:T205I	aa_sub	cB.1.621.json
BA.1	2832	A	G	1	orf1ab:K856R	orf1ab:K856R	aa_sub	cBA.1.json
BA.1	5386	T	G	1	nuc:T5386G	nuc:T5386G	nuc_snv	cBA.1.json
BA.1	6513	GTT	-	1	del:6513:3	del:6513:3	del_len	cBA.1.json
BA.1	8393	G	A	1	orf1ab:A2710T	orf1ab:A2710T	aa_sub	cBA.1.json
BA.1	11287	G	C	1	orf1ab:L3674F	orf1ab:L3674F	aa_sub	cBA.1.json
BA.1	11287	G	T	1	orf1ab:L3674F	orf1ab:L3674F	aa_sub	cBA.1.json
BA.1	11288	TCTGGTTTT	-	1	orf1ab:SGF3675-	orf1ab:SGF3675-	aa_del	cBA.1.json
BA.1	11537	A	G	1	orf1ab:I3758V	orf1ab:I3758V	aa_sub	cBA.1.json
BA.1	13195	T	C	1	nuc:T13195C	nuc:T13195C	nuc_snv	cBA.1.json
BA.1	15240	C	T	1	nuc:C15240T	nuc:C15240T	nuc_snv	cBA.1.json
BA.1	21762	C	T	1	spike:A67V	spike:A67V	aa_sub	cBA.1.json
BA.1	21765	TACATG	-	1	del:21765:6	del:21765:6	del_len	cBA.1.json
BA.1	21846	C	T	1	spike:T95I	spike:T95I	aa_sub	cBA.1.json
BA.1	21987	GTGTTTATT	-	1	del:21987:9	del:21987:9	del_len	cBA.1.json
BA.1	22194	ATT	-	1	del:22194:3	del:22194:3	del_len	cBA.1.json
BA.1	22205	-	+GAGCCAGAA	1	nuc:22205+GAGCCAGAA	nuc:22205+GAGCCAGAA	nuc_ins	cBA.1.json
BA.1	22673	T	C	1	spike:S371L	spike:S371L	aa_sub	cBA.1.json
BA.1	22674	C	T	1	spike:S371L	spike:S371L	aa_sub	cBA.1.json
BA.1	22674	C	T	1	spike:S371L	spike:S371L	aa_sub	cBA.1.json
BA.1	22674	C	T	1	spike:S371L	spike:S371L	aa_sub	cBA.1.json
BA.1	22675	C	A	1	spike:S371L	spike:S371L	aa_sub	cBA.1.json
BA.1	22675	C	G	1	spike:S371L	spike:S371L	aa_sub	cBA.1.json
BA.1	22898	G	A	1	spike:G446S	spike:G446S	aa_sub	cBA.1.json
BA.1	23040	A	G	1	spike:Q493R	spike:Q493R	aa_sub	cBA.1.json
BA.1	23048	G	A	1	spike:G496S	spike:G496S	aa_sub	cBA.1.json
BA.1	23202	C	A	1	spike:T547K	spike:T547K	aa_sub	cBA.1.json
BA.1	24130	C	A	1	spike:N856K	spike:N856K	aa_sub	cBA.1.json
BA.1	24130	C	G	1	spike:N856K	spike:N856K	aa_sub	cBA.1.json
BA.1	24503	C	T	1	spike:L981F	spike:L981F	aa_sub	cBA.1.json
BA.1	25000	C	T	1	nuc:C25000T	nuc:C25000T	nuc_snv	cBA.1.json
BA.1	25584	C	T	1	nuc:C25584T	nuc:C25584T	nuc_snv	cBA.1.json
BA.1	26530	A	G	1	m:D3G	m:D3G	aa_sub	cBA.1.json
BA.2	668	A	C	1	orf1ab:S135R	orf1ab:S135R	aa_sub	cBA.2.json
BA.2	670	T	A	1	orf1ab:S135R	orf1ab:S135R	aa_sub	cBA.2.json
BA.2	670	T	G	1	orf1ab:S135R	orf1ab:S135R	aa_sub	cBA.2.json
BA.2	2790	C	T	1	orf1ab:T842I	orf1ab:T842I	aa_sub	cBA.2.json
BA.2	4184	G	A	1	orf1ab:G1307S	orf1ab:G1307S	aa_sub	cBA.2.json
BA.2	4321	C	T	1	nuc:C4321T	nuc:C4321T	nuc_snv	cBA.2.json
BA.2	9344	C	T	1	orf1ab:L3027F	orf1ab:L3027F	aa_sub	cBA.2.json
BA.2	9424	A	G	1	nuc:A9424G	nuc:A9424G	nuc_snv	cBA.2.json
BA.2	9534	C	T	1	orf1ab:T3090I	orf1ab:T3090I	aa_sub	cBA.2.json
BA.2	9866	C	T	1	orf1ab:L3201F	orf1ab:L3201F	aa_sub	cBA.2.json
BA.2	10198	C	T	1	nuc:C10198T	nuc:C10198T	nuc_snv	cBA.2.json
BA.2	10447	G	A	1	nuc:G10447A	nuc:G10447A	nuc_snv	cBA.2.json
BA.2	11288	TCTGGTTTT	-	1	orf1ab:SGF3675-	orf1ab:SGF3675-	aa_del	cBA.2.json
BA.2	12880	C	T	1	nuc:C12880T	nuc:C12880T	nuc_snv	cBA.2.json
BA.2	15714	C	T	1	nuc:C15714T	nuc:C15714T	nuc_snv	cBA.2.json
BA.2	17411	G	T	1	orf1ab:R5716C	orf1ab:R5716C	aa_sub	cBA.2.json
BA.2	17411	G	T	1	orf1ab:R5716C	orf1ab:R5716C	aa_sub	cBA.2.json
BA.2	17412	T	G	1	orf1ab:R5716C	orf1ab:R5716C	aa_sub	cBA.2.json
BA.2	17412	T	G	1	orf1ab:R5716C	orf1ab:R5716C	aa_sub	cBA.2.json
BA.2	17413	G	C	1	orf1ab:R5716C	orf1ab:R5716C	aa_sub	cBA.2.json
BA.2	17413	G	T	1	orf1ab:R5716C	orf1ab:R5716C	aa_sub	cBA.2.json
BA.2	19955	C	A	1	orf1ab:T6564I	orf1ab:T6564I	aa_sub	cBA.2.json
BA.2	19955	C	A	1	orf1ab:T6564I	orf1ab:T6564I	aa_sub	cBA.2.json
BA.2	19955	C	A	1	orf1ab:T6564I	orf1ab:T6564I	aa_sub	cBA.2.json
BA.2	19957	G	A	1	orf1ab:T6564I	orf1ab:T6564I	aa_sub	cBA.2.json
BA.2	19957	G	C	1	orf1ab:T6564I	orf1ab:T6564I	aa_sub	cBA.2.json
BA.2	19957	G	T	1	orf1ab:T6564I	orf1ab:T6564I	aa_sub	cBA.2.json
BA.2	20055	A	G	1	nuc:A20055G	nuc:A20055G	nuc_snv	cBA.2.json
BA.2	21618	C	T	1	spike:T19I	spike:T19I	aa_sub	cBA.2.json
BA.2	21633	TACCCCCTG	-	1	del:21633:9	del:21633:9	del_len	cBA.2.json
BA.2	22200	T	G	1	spike:V213G	spike:V213G	aa_sub	cBA.2.json
BA.2	22674	C	T	1	spike:S371F	spike:S371F	aa_sub	cBA.2.json
BA.2	22688	A	G	1	spike:T376A	spike:T376A	aa_sub	cBA.2.json
BA.2	22775	G	A	1	spike:D405N	spike:D405N	aa_sub	cBA.2.json
BA.2	23040	A	G	1	spike:Q493R	spike:Q493R	aa_sub	cBA.2.json
BA.2	25000	C	T	1	nuc:C25000T	nuc:C25000T	nuc_snv	cBA.2.json
BA.2	25584	C	T	1	nuc:C25584T	nuc:C25584T	nuc_snv	cBA.2.json
BA.2	26060	C	T	1	orf3a:T223I	orf3a:T223I	aa_sub	cBA.2.json
BA.2	26858	C	T	1	nuc:C26858T	nuc:C26858T	nuc_snv	cBA.2.json
BA.2	27382	G	C	1	orf6:D61L	orf6:D61L	aa_sub	cBA.2.json
BA.2	27383	A	T	1	orf6:D61L	orf6:D61L	aa_sub	cBA.2.json
BA.2	29510	A	C	1	n:S413R	n:S413R	aa_sub	cBA.2.json
BA.2	29512	T	A	1	n:S413R	n:S413R	aa_sub	cBA.2.json
BA.2	29512	T	G	1	n:S413R	n:S413R	aa_sub	cBA.2.json
BA.3	668	A	C	1	orf1ab:S135R	orf1ab:S135R	aa_sub	cBA.3.json
BA.3	670	T	A	1	orf1ab:S135R	orf1ab:S135R	aa_sub	cBA.3.json
BA.3	670	T	G	1	orf1ab:S135R	orf1ab:S135R	aa_sub	cBA.3.json
BA.3	832	C	T	1	nuc:C832T	nuc:C832T	nuc_snv	cBA.3.json
BA.3	4184	G	A	1	orf1ab:G1307S	orf1ab:G1307S	aa_sub	cBA.3.json
BA.3	9534	C	T	1	orf1ab:T3090I	orf1ab:T3090I	aa_sub	cBA.3.json
BA.3	10447	G	A	1	nuc:G10447A	nuc:G10447A	nuc_snv	cBA.3.json
BA.3	11235	C	T	1	nuc:C11235T	nuc:C11235T	nuc_snv	cBA.3.json
BA.3	11288	TCTGGTTTT	-	1	orf1ab:SGF3675-	orf1ab:SGF3675-	aa_del	cBA.3.json
BA.3	12880	C	T	1	nuc:C12880T	nuc:C12880T	nuc_snv	cBA.3.json
BA.3	15714	C	T	1	nuc:C15714T	nuc:C15714T	nuc_snv	cBA.3.json
BA.3	21762	C	T	1	spike:A67V	spike:A67V	aa_sub	cBA.3.json
BA.3	21765	TACATG	-	1	del:21765:6	del:21765:6	del_len	cBA.3.json
BA.3	21987	GTGTTTATT	-	1	del:21987:9	del:21987:9	del_len	cBA.3.json
BA.3	22194	ATT	-	1	del:22194:3	del:22194:3	del_len	cBA.3.json
BA.3	22674	C	T	1	spike:S371F	spike:S371F	aa_sub	cBA.3.json
BA.3	22775	G	A	1	spike:D405N	spike:D405N	aa_sub	cBA.3.json
BA.3	22898	G	A	1	spike:G446S	spike:G446S	aa_sub	cBA.3.json
BA.3	23040	A	G	1	spike:Q493R	spike:Q493R	aa_sub	cBA.3.json
BA.3	26059	A	G	1	orf3a:T223V	orf3a:T223V	aa_sub	cBA.3.json
BA.3	26060	C	T	1	orf3a:T223V	orf3a:T223V	aa_sub	cBA.3.json
BA.3	26858	C	T	1	nuc:C26858T	nuc:C26858T	nuc_snv	cBA.3.json
BA.3	29510	A	C	1	n:S413R	n:S413R	aa_sub	cBA.3.json
BA.3	29512	T	A	1	n:S413R	n:S413R	aa_sub	cBA.3.json
BA.3	29512	T	G	1	n:S413R	n:S413R	aa_sub	cBA.3.json
BA.4	668	A	C	1	orf1ab:S135R	orf1ab:S135R	aa_sub	cBA.4.json
BA.4	670	T	A	1	orf1ab:S135R	orf1ab:S135R	aa_sub	cBA.4.json
BA.4	670	T	G	1	orf1ab:S135R	orf1ab:S135R	aa_sub	cBA.4.json
BA.4	2790	C	T	1	orf1ab:T842I	orf1ab:T842I	aa_sub	cBA.4.json
BA.4	4184	G	A	1	orf1ab:G1307S	orf1ab:G1307S	aa_sub	cBA.4.json
BA.4	4321	C	T	1	nuc:C4321T	nuc:C4321T	nuc_snv	cBA.4.json
BA.4	9534	C	T	1	orf1ab:T3090I	orf1ab:T3090I	aa_sub	cBA.4.json
BA.4	10198	C	T	1	nuc:C10198T	nuc:C10198T	nuc_snv	cBA.4.json
BA.4	10447	G	A	1	nuc:G10447A	nuc:G10447A	nuc_snv	cBA.4.json
BA.4	11288	TCTGGTTTT	-	1	del:11288:9	del:11288:9	del_len	cBA.4.json
BA.4	12160	G	A	1	nuc:G12160A	nuc:G12160A	nuc_snv	cBA.4.json
BA.4	12880	C	T	1	nuc:C12880T	nuc:C12880T	nuc_snv	cBA.4.json
BA.4	15714	C	T	1	nuc:C15714T	nuc:C15714T	nuc_snv	cBA.4.json
BA.4	17411	G	T	1	orf1ab:R5716C	orf1ab:R5716C	aa_sub	cBA.4.json
BA.4	17411	G	T	1	orf1ab:R5716C	orf1ab:R5716C	aa_sub	cBA.4.json
BA.4	17412	T	G	1	orf1ab:R5716C	orf1ab:R5716C	aa_sub	cBA.4.json
BA.4	17412	T	G	1	orf1ab:R5716C	orf1ab:R5716C	aa_sub	cBA.4.json
BA.4	17413	G	C	1	orf1ab:R5716C	orf1ab:R5716C	aa_sub	cBA.4.json
BA.4	17413	G	T	1	orf1ab:R5716C	orf1ab:R5716C	aa_sub	cBA.4.json
BA.4	19955	C	A	1	orf1ab:T6564I	orf1ab:T6564I	aa_sub	cBA.4.json
BA.4	19955	C	A	1	orf1ab:T6564I	orf1ab:T6564I	aa_sub	cBA.4.json
BA.4	19955	C	A	1	orf1ab:T6564I	orf1ab:T6564I	aa_sub	cBA.4.json
BA.4	19957	G	A	1	orf1ab:T6564I	orf1ab:T6564I	aa_sub	cBA.4.json
BA.4	19957	G	C	1	orf1ab:T6564I	orf1ab:T6564I	aa_sub	cBA.4.json
BA.4	19957	G	T	1	orf1ab:T6564I	orf1ab:T6564I	aa_sub	cBA.4.json
BA.4	20055	A	G	1	nuc:A20055G	nuc:A20055G	nuc_snv	cBA.4.json
BA.4	21618	C	T	1	spike:T19I	spike:T19I	aa_sub	cBA.4.json
BA.4	21767	CATGTC	-	1	s:HV69-	s:HV69-	aa_del	cBA.4.json
BA.4	22200	T	G	1	spike:V213G	spike:V213G	aa_sub	cBA.4.json
BA.4	22674	C	T	1	spike:S371F	spike:S371F	aa_sub	cBA.4.json
BA.4	22688	A	G	1	spike:T376A	spike:T376A	aa_sub	cBA.4.json
BA.4	22775	G	A	1	spike:D405N	spike:D405N	aa_sub	cBA.4.json
BA.4	22917	T	G	1	spike:L452R	spike:L452R	aa_sub	cBA.4.json
BA.4	23018	T	G	1	spike:F486V	spike:F486V	aa_sub	cBA.4.json
BA.4	25000	C	T	1	nuc:C25000T	nuc:C25000T	nuc_snv	cBA.4.json
BA.4	25584	C	T	1	nuc:C25584T	nuc:C25584T	nuc_snv	cBA.4.json
BA.4	26060	C	T	1	nuc:C26060T	nuc:C26060T	nuc_snv	cBA.4.json
BA.4	26858	C	T	1	nuc:C26858T	nuc:C26858T	nuc_snv	cBA.4.json
BA.4	27382	G	C	1	orf6:D61L	orf6:D61L	aa_sub	cBA.4.json
BA.4	27383	A	T	1	orf6:D61L	orf6:D61L	aa_sub	cBA.4.json
BA.4	27788	G	T	1	nuc:G27788T	nuc:G27788T	nuc_snv	cBA.4.json
BA.4	28724	C	T	1	n:P151S	n:P151S	aa_sub	cBA.4.json
BA.4	29510	A	C	1	n:S413R	n:S413R	aa_sub	cBA.4.json
BA.4	29512	T	A	1	n:S413R	n:S413R	aa_sub	cBA.4.json
BA.4	29512	T	G	1	n:S413R	n:S413R	aa_sub	cBA.4.json
BA.5	668	A	C	1	orf1ab:S135R	orf1ab:S135R	aa_sub	cBA.5.json
BA.5	670	T	A	1	orf1ab:S135R	orf1ab:S135R	aa_sub	cBA.5.json
BA.5	670	T	G	1	orf1ab:S135R	orf1ab:S135R	aa_sub	cBA.5.json
BA.5	2790	C	T	1	orf1ab:T842I	orf1ab:T842I	aa_sub	cBA.5.json
BA.5	4184	G	A	1	orf1ab:G1307S	orf1ab:G1307S	aa_sub	cBA.5.json
BA.5	4321	C	T	1	nuc:C4321T	nuc:C4321T	nuc_snv	cBA.5.json
BA.5	9534	C	T	1	orf1ab:T3090I	orf1ab:T3090I	aa_sub	cBA.5.json
BA.5	10198	C	T	1	nuc:C10198T	nuc:C10198T	nuc_snv	cBA.5.json
BA.5	10447	G	A	1	nuc:G10447A	nuc:G10447A	nuc_snv	cBA.5.json
BA.5	11288	TCTGGTTTT	-	1	del:11288:9	del:11288:9	del_len	cBA.5.json
BA.5	12160	G	A	1	nuc:G12160A	nuc:G12160A	nuc_snv	cBA.5.json
BA.5	12880	C	T	1	nuc:C12880T	nuc:C12880T	nuc_snv	cBA.5.json
BA.5	15714	C	T	1	nuc:C15714T	nuc:C15714T	nuc_snv	cBA.5.json
BA.5	17411	G	T	1	orf1ab:R5716C	orf1ab:R5716C	aa_sub	cBA.5.json
BA.5	17411	G	T	1	orf1ab:R5716C	orf1ab:R5716C	aa_sub	cBA.5.json
BA.5	17412	T	G	1	orf1ab:R5716C	orf1ab:R5716C	aa_sub	cBA.5.json
BA.5	17412	T	G	1	orf1ab:R5716C	orf1ab:R5716C	aa_sub	cBA.5.json
BA.5	17413	G	C	1	orf1ab:R5716C	orf1ab:R5716C	aa_sub	cBA.5.json
BA.5	17413	G	T	1	orf1ab:R5716C	orf1ab:R5716C	aa_sub	cBA.5.json
BA.5	19955	C	A	1	orf1ab:T6564I	orf1ab:T6564I	aa_sub	cBA.5.json
BA.5	19955	C	A	1	orf1ab:T6564I	orf1ab:T6564I	aa_sub	cBA.5.json
BA.5	19955	C	A	1	orf1ab:T6564I	orf1ab:T6564I	aa_sub	cBA.5.json
BA.5	19957	G	A	1	orf1ab:T6564I	orf1ab:T6564I	aa_sub	cBA.5.json
BA.5	19957	G	C	1	orf1ab:T6564I	orf1ab:T6564I	aa_sub	cBA.5.json
BA.5	19957	G	T	1	orf1ab:T6564I	orf1ab:T6564I	aa_sub	cBA.5.json
BA.5	20055	A	G	1	nuc:A20055G	nuc:A20055G	nuc_snv	cBA.5.json
BA.5	21618	C	T	1	spike:T19I	spike:T19I	aa_sub	cBA.5.json
BA.5	21767	CATGTC	-	1	s:HV69-	s:HV69-	aa_del	cBA.5.json
BA.5	22200	T	G	1	spike:V213G	spike:V213G	aa_sub	cBA.5.json
BA.5	22674	C	T	1	spike:S371F	spike:S371F	aa_sub	cBA.5.json
BA.5	22688	A	G	1	spike:T376A	spike:T376A	aa_sub	cBA.5.json
BA.5	22775	G	A	1	spike:D405N	spike:D405N	aa_sub	cBA.5.json
BA.5	22917	T	G	1	spike:L452R	spike:L452R	aa_sub	cBA.5.json
BA.5	23018	T	G	1	spike:F486V	spike:F486V	aa_sub	cBA.5.json
BA.5	25000	C	T	1	nuc:C25000T	nuc:C25000T	nuc_snv	cBA.5.json
BA.5	25584	C	T	1	nuc:C25584T	nuc:C25584T	nuc_snv	cBA.5.json
BA.5	26060	C	T	1	nuc:C26060T	nuc:C26060T	nuc_snv	cBA.5.json
BA.5	26529	G	A	1	m:D3N	m:D3N	aa_sub	cBA.5.json
BA.5	29510	A	C	1	n:S413R	n:S413R	aa_sub	cBA.5.json
BA.5	29512	T	A	1	n:S413R	n:S413R	aa_sub	cBA.5.json
BA.5	29512	T	G	1	n:S413R	n:S413R	aa_sub	cBA.5.json
C.37	21786	G	T	1	S:G75V	S:G75V	aa_sub	cC.37.json
C.37	21789	C	T	1	S:T76I	S:T76I	aa_sub	cC.37.json
C.37	22298	AGAAGTTATTTGACTCCTGGT	-	1	S:RSYLTPG246-	S:RSYLTPG246-	aa_del	cC.37.json
C.37	22917	T	A	1	S:L452Q	S:L452Q	aa_sub	cC.37.json
C.37	23031	T	C	1	S:F490S	S:F490S	aa_sub	cC.37.json
C.37	23403	A	G	1	S:D614G	S:D614G	aa_sub	cC.37.json
C.37	24138	C	A	1	S:T859N	S:T859N	aa_sub	cC.37.json
C.37	28311	C	T	1	N:P13L	N:P13L	aa_sub	cC.37.json
C.37	28881	G	A	1	N:R203K	N:R203K	aa_sub	cC.37.json
C.37	28883	G	A	1	N:G204R	N:G204R	aa_sub	cC.37.json
C.37	28883	G	C	1	N:G204R	N:G204R	aa_sub	cC.37.json
C.37	28913	G	T	1	N:G214C	N:G214C	aa_sub	cC.37.json
P.1	733	T	C	1	nuc:T733C	nuc:T733C	nuc_snv	cP.1.json
P.1	2749	C	T	1	nuc:C2749T	nuc:C2749T	nuc_snv	cP.1.json
P.1	3828	C	T	1	ORF1ab:S1188L	ORF1ab:S1188L	aa_sub	cP.1.json
P.1	5648	A	C	1	ORF1ab:K1795Q	ORF1ab:K1795Q	aa_sub	cP.1.json
P.1	11287	GTCTGGTTT	-	1	del:11287:9	del:11287:9	del_len	cP.1.json
P.1	12778	C	T	1	nuc:C12778T	nuc:C12778T	nuc_snv	cP.1.json
P.1	13860	C	T	1	nuc:C13860T	nuc:C13860T	nuc_snv	cP.1.json
P.1	21621	C	A	1	S:T20N	S:T20N	aa_sub	cP.1.json
P.1	21638	C	T	1	S:P26S	S:P26S	aa_sub	cP.1.json
P.1	22812	A	C	1	S:K417T	S:K417T	aa_sub	cP.1.json
P.1	23012	G	A	1	S:E484K	S:E484K	aa_sub	cP.1.json
P.1	23063	A	T	1	S:N501Y	S:N501Y	aa_sub	cP.1.json
P.1	24642	C	T	1	S:T1027I	S:T1027I	aa_sub	cP.1.json
P.1	28167	G	A	1	ORF8:E92K	ORF8:E92K	aa_sub	cP.1.json
P.1	28262	-	+AACA	1	nuc:28262+AACA	nuc:28262+AACA	nuc_ins	cP.1.json
P.1	28512	C	G	1	N:P80R	N:P80R	aa_sub	cP.1.json
P.2	878	C	G	1	ORF1ab:L205V	ORF1ab:L205V	aa_sub	cP.2.json
P.2	11824	C	T	1	nuc:C11824T	nuc:C11824T	nuc_snv	cP.2.json
P.2	12964	A	G	1	nuc:A12964G	nuc:A12964G	nuc_snv	cP.2.json
P.2	23012	G	A	1	S:E484K	S:E484K	aa_sub	cP.2.json
P.2	28253	C	T	1	nuc:C28253T	nuc:C28253T	nuc_snv	cP.2.json
P.2	28628	G	T	1	N:A119S	N:A119S	aa_sub	cP.2.json
P.2	28975	G	A	1	N:M234I	N:M234I	aa_sub	cP.2.json
P.2	28975	G	C	1	N:M234I	N:M234I	aa_sub	cP.2.json
P.2	28975	G	T	1	N:M234I	N:M234I	aa_sub	cP.2.json
P.3	7564	C	A	1	nuc:C7564A	nuc:C7564A	nuc_snv	cP.3.json
P.3	12049	C	T	1	nuc:C12049T	nuc:C12049T	nuc_snv	cP.3.json
P.3	21980	TTTTTGGGT	-	1	del:21980:9	del:21980:9	del_len	cP.3.json
P.3	23012	G	A	1	S:E484K	S:E484K	aa_sub	cP.3.json
P.3	23063	A	T	1	S:N501Y	S:N501Y	aa_sub	cP.3.json
P.3	23341	T	C	1	nuc:T23341C	nuc:T23341C	nuc_snv	cP.3.json
P.3	23604	C	A	1	S:P681H	S:P681H	aa_sub	cP.3.json
P.3	24187	T	A	1	nuc:T24187A	nuc:T24187A	nuc_snv	cP.3.json
P.3	24836	G	A	1	S:E1092K	S:E1092K	aa_sub	cP.3.json
P.3	24863	C	T	1	S:H1101Y	S:H1101Y	aa_sub	cP.3.json
P.3	25088	G	T	1	S:V1176F	S:V1176F	aa_sub	cP.3.json
P.3	27897	A	C	1	ORF8:K2Q	ORF8:K2Q	aa_sub	cP.3.json
XBB	15738	C	T	1	nuc:C15738T	nuc:C15738T	nuc_snv	cXBB.json
XBB	15939	T	C	1	nuc:T15939C	nuc:T15939C	nuc_snv	cXBB.json
XBB	17859	T	C	1	nuc:T17859C	nuc:T17859C	nuc_snv	cXBB.json
XBB	21810	T	C	1	spike:V83A	spike:V83A	aa_sub	cXBB.json
XBB	21992	TAT	-	1	spike:Y144-	spike:Y144-	aa_del	cXBB.json
XBB	22000	C	A	1	spike:H146Q	spike:H146Q	aa_sub	cXBB.json
XBB	22000	C	G	1	spike:H146Q	spike:H146Q	aa_sub	cXBB.json
XBB	22109	C	G	1	spike:Q183E	spike:Q183E	aa_sub	cXBB.json
XBB	22200	T	A	1	spike:V213E	spike:V213E	aa_sub	cXBB.json
XBB	22599	G	C	1	spike:R346T	spike:R346T	aa_sub	cXBB.json
XBB	22664	C	A	1	spike:L368I	spike:L368I	aa_sub	cXBB.json
XBB	22895	G	C	1	spike:V445P	spike:V445P	aa_sub	cXBB.json
XBB	22896	T	C	1	spike:V445P	spike:V445P	aa_sub	cXBB.json
XBB	23019	T	C	1	spike:F486S	spike:F486S	aa_sub	cXBB.json
XBB	23031	T	C	1	spike:F490S	spike:F490S	aa_sub	cXBB.json
XBB-parent1	22577	G	C	1	spike:G339H	spike:G339H	aa_sub	cXBB-parent1.json
XBB-parent1	22578	G	A	1	spike:G339H	spike:G339H	aa_sub	cXBB-parent1.json
XBB-parent1	22898	G	A	1	spike:G446S	spike:G446S	aa_sub	cXBB-parent1.json
XBB-parent1	22942	T	A	1	spike:N460K	spike:N460K	aa_sub	cXBB-parent1.json
XBB-parent1	22942	T	G	1	spike:N460K	spike:N460K	aa_sub	cXBB-parent1.json
XBB-parent1	25416	C	T	1	nuc:C25416T	nuc:C25416T	nuc_snv	cXBB-parent1.json
XBB-parent1	26275	A	G	1	e:T11A	e:T11A	aa_sub	cXBB-parent1.json
XBB.1	22786	A	C	1	spike:R408S	spike:R408S	aa_sub	cXBB.1.json
XBB.1	22786	A	T	1	spike:R408S	spike:R408S	aa_sub	cXBB.1.json
XBB.1	22813	G	C	1	spike:K417N	spike:K417N	aa_sub	cXBB.1.json
XBB.1	22813	G	T	1	spike:K417N	spike:K417N	aa_sub	cXBB.1.json
XBB.1	27915	G	T	1	orf8:G8*	orf8:G8*	aa_sub	cXBB.1.json
XBB.1.16	22101	A	T	1	spike:E180V	spike:E180V	aa_sub	cXBB.1.16.json
XBB.1.16	28297	T	C	1	nuc:T28297C	nuc:T28297C	nuc_snv	cXBB.1.16.json
XBB.1.16	28447	A	G	1	nuc:A28447G	nuc:A28447G	nuc_snv	cXBB.1.16.json
XBB.1.16	29386	C	T	1	nuc:C29386T	nuc:C29386T	nuc_snv	cXBB.1.16.json
XBB.1.5	17124	T	C	1	nuc:T17124C	nuc:T17124C	nuc_snv	cXBB.1.5.json
XBB.1.5	22317	G	T	1	spike:G252V	spike:G252V	aa_sub	cXBB.1.5.json
XBB.1.5	23018	T	C	1	spike:F486P	spike:F486P	aa_sub	cXBB.1.5.json
XBB.1.5	23019	T	C	1	spike:F486P	spike:F486P	aa_sub	cXBB.1.5.json
XE	3241	C	T	1	nuc:C3241T	nuc:C3241T	nuc_snv	cXE.json
XE	5386	T	G	1	nuc:T5386G	nuc:T5386G	nuc_snv	cXE.json
XE	12880	C	T	1	nuc:C12880T	nuc:C12880T	nuc_snv	cXE.json
XE	14599	C	T	1	nuc:C14599T	nuc:C14599T	nuc_snv	cXE.json
XE	14599	C	T	1	nuc:C14599T	nuc:C14599T	nuc_snv	cXE.json
XE	29510	A	C	1	nuc:A29510C	nuc:A29510C	nuc_snv	cXE.json
XE-parent1	2832	A	G	1	orf1ab:K856R	orf1ab:K856R	aa_sub	cXE-parent1.json
XE-parent1	5386	T	G	1	nuc:T5386G	nuc:T5386G	nuc_snv	cXE-parent1.json
XE-parent1	6513	GTT	-	1	del:6513:3	del:6513:3	del_len	cXE-parent1.json
XE-parent1	8393	G	A	1	orf1ab:A2710T	orf1ab:A2710T	aa_sub	cXE-parent1.json
XE-parent2	12880	C	T	1	nuc:C12880T	nuc:C12880T	nuc_snv	cXE-parent2.json
XE-parent2	15714	C	T	1	nuc:C15714T	nuc:C15714T	nuc_snv	cXE-parent2.json
XE-parent2	17411	G	T	1	orf1ab:R5716C	orf1ab:R5716C	aa_sub	cXE-parent2.json
XE-parent2	17411	G	T	1	orf1ab:R5716C	orf1ab:R5716C	aa_sub	cXE-parent2.json
XE-parent2	17412	T	G	1	orf1ab:R5716C	orf1ab:R5716C	aa_sub	cXE-parent2.json
XE-parent2	17412	T	G	1	orf1ab:R5716C	orf1ab:R5716C	aa_sub	cXE-parent2.json
XE-parent2	17413	G	C	1	orf1ab:R5716C	orf1ab:R5716C	aa_sub	cXE-parent2.json
XE-parent2	17413	G	T	1	orf1ab:R5716C	orf1ab:R5716C	aa_sub	cXE-parent2.json
XE-parent2	19955	C	A	1	orf1ab:T6564I	orf1ab:T6564I	aa_sub	cXE-parent2.json
XE-parent2	19955	C	A	1	orf1ab:T6564I	orf1ab:T6564I	aa_sub	cXE-parent2.json
XE-parent2	19955	C	A	1	orf1ab:T6564I	orf1ab:T6564I	aa_sub	cXE-parent2.json
XE-parent2	19957	G	A	1	orf1ab:T6564I	orf1ab:T6564I	aa_sub	cXE-parent2.json
XE-parent2	19957	G	C	1	orf1ab:T6564I	orf1ab:T6564I	aa_sub	cXE-parent2.json
XE-parent2	19957	G	T	1	orf1ab:T6564I	orf1ab:T6564I	aa_sub	cXE-parent2.json
XE-parent2	20055	A	G	1	nuc:A20055G	nuc:A20055G	nuc_snv	cXE-parent2.json
XE-parent2	21618	C	T	1	spike:T19I	spike:T19I	aa_sub	cXE-parent2.json
XE-parent2	21633	TACCCCCTG	-	1	del:21633:9	del:21633:9	del_len	cXE-parent2.json
XE-parent2	22200	T	G	1	nuc:T22200G	nuc:T22200G	nuc_snv	cXE-parent2.json
XE-parent2	22674	C	T	1	spike:S371F	spike:S371F	aa_sub	cXE-parent2.json
XE-parent2	22688	A	G	1	spike:T376A	spike:T376A	aa_sub	cXE-parent2.json
XE-parent2	22775	G	A	1	spike:D405N	spike:D405N	aa_sub	cXE-parent2.json
XE-parent2	22786	A	C	1	spike:R408S	spike:R408S	aa_sub	cXE-parent2.json
XE-parent2	22786	A	T	1	spike:R408S	spike:R408S	aa_sub	cXE-parent2.json
XE-parent2	25000	C	T	1	nuc:C25000T	nuc:C25000T	nuc_snv	cXE-parent2.json
XE-parent2	25584	C	T	1	nuc:C25584T	nuc:C25584T	nuc_snv	cXE-parent2.json
XE-parent2	26060	C	T	1	nuc:C26060T	nuc:C26060T	nuc_snv	cXE-parent2.json
XE-parent2	26858	C	T	1	nuc:C26858T	nuc:C26858T	nuc_snv	cXE-parent2.json
XE-parent2	27382	G	C	1	orf6:D61L	orf6:D61L	aa_sub	cXE-parent2.json
XE-parent2	27383	A	T	1	orf6:D61L	orf6:D61L	aa_sub	cXE-parent2.json
XE-parent2	29510	A	C	1	n:S413R	n:S413R	aa_sub	cXE-parent2.json
XE-parent2	29512	T	A	1	n:S413R	n:S413R	aa_sub	cXE-parent2.json
XE-parent2	29512	T	G	1	n:S413R	n:S413R	aa_sub	cXE-parent2.json
